id,category,section,question,honbun,choice1,choice2,choice3,choice4,answer
Q00022,動詞,動詞①,傍線部の語の活用の種類として正しいものを選べ。,契りおきし花のさかりを<告げ>ぬかな春やまだ来ぬ花や匂はぬ,ガ行下二段活用,ガ行四段活用,ガ行上一段活用,ガ行上二段活用,ガ行下二段活用
Q00016,動詞,動詞①,傍線部の語の活用の種類として正しいものを選べ。,冬深くなりたれば、川風けはしく吹き<上げ>つつ堪へがたくおぼえけり。,ガ行四段活用,ガ行下二段活用,ガ行上一段活用,ガ行上二段活用,ガ行下二段活用
Q00060,動詞,動詞①,傍線部の語の活用の種類として正しいものを選べ。,額をつきし薬師仏の立ちたまへるを、見捨てたてまつる悲しくて、人知れずうち<泣か>れぬ。,カ行上一段活用,カ行四段活用,カ行上二段活用,カ行下二段活用,カ行四段活用
Q00012,動詞,動詞①,傍線部の語の活用の種類として正しいものを選べ。,うち<おどろき>たれば、夢なりけり。,カ行上一段活用,カ行上二段活用,カ行下二段活用,カ行四段活用,カ行四段活用
Q00005,動詞,動詞①,傍線部の語の活用の種類として正しいものを選べ。,弥生の朔日ごろに、西山の奥なる所に<行き>たる、人目も見えず、のどのどと霞みわたりたるに、,カ行上二段活用,カ行下二段活用,カ行上一段活用,カ行四段活用,カ行四段活用
Q00099,動詞,動詞①,傍線部の語の活用の種類として正しいものを選べ。,几帳おし出でたる下より色々の衣こぼれ出で、梅桜<咲き>たるに、鴬木伝ひ鳴きたるを見せて、『これを見るはうれしな』とのたまふとなむ見えし。,カ行上二段活用,カ行下二段活用,カ行四段活用,カ行上一段活用,カ行四段活用
Q00089,動詞,動詞①,傍線部の語の活用の種類として正しいものを選べ。,世の中に「長恨歌」といふ書を物語に<書き>てある所あんなりと聞くに,カ行上一段活用,カ行上二段活用,カ行四段活用,カ行下二段活用,カ行四段活用
Q00105,動詞,動詞①,傍線部の語の活用の種類として正しいものを選べ。,いみじう風の<吹く>日、宇治の渡りをするに、網代いと近う漕ぎ寄りたり。,カ行四段活用,カ行下二段活用,カ行上二段活用,カ行上一段活用,カ行四段活用
Q00096,動詞,動詞①,傍線部の語の活用の種類として正しいものを選べ。,夜昼<嘆か>るるを聞く心地、花紅葉の思ひもみな忘れて悲しく、,カ行上二段活用,カ行上一段活用,カ行四段活用,カ行下二段活用,カ行四段活用
Q00080,動詞,動詞①,傍線部の語の活用の種類として正しいものを選べ。,いと暗くなりて三条の宮の西なる所に<着き>ぬ。,カ行上二段活用,カ行下二段活用,カ行四段活用,カ行上一段活用,カ行四段活用
Q00081,動詞,動詞①,傍線部の語の活用の種類として正しいものを選べ。,また<聞け>ば、侍従の大納言の御むすめ亡くなりたまひぬなり。,カ行下二段活用,カ行上一段活用,カ行上二段活用,カ行四段活用,カ行四段活用
Q00091,動詞,動詞①,傍線部の語の活用の種類として正しいものを選べ。,「大納言殿の姫君」と呼びしかば、聞き知り顔に<鳴き>て歩み来などせしかば、,カ行上二段活用,カ行四段活用,カ行上一段活用,カ行下二段活用,カ行四段活用
Q00040,動詞,動詞①,傍線部の語の活用の種類として正しいものを選べ。,池の鳥どもの、夜もすがら声々羽ぶき<さわぐ>音のするに、目も覚めて、,ガ行上一段活用,ガ行四段活用,ガ行下二段活用,ガ行上二段活用,ガ行四段活用
Q00018,動詞,動詞①,傍線部の語の活用の種類として正しいものを選べ。,菊の濃く薄き八つばかりに、濃き掻練を上に<着>たり。,カ行四段活用,カ行上二段活用,カ行下二段活用,カ行上一段活用,カ行上一段活用
Q00043,動詞,動詞①,傍線部の語の活用の種類として正しいものを選べ。,などて、多くの年月を、いたづらにて臥し<起き>しに、おこなひをも物詣でをもせざりけむ。,カ行下二段活用,カ行四段活用,カ行上一段活用,カ行上二段活用,カ行上二段活用
Q00002,動詞,動詞①,傍線部の語の活用の種類として正しいものを選べ。,今宵宿らむも中間に、汐満ち<来>なば、ここをも過ぎじとあるかぎり走りまどひ過ぎぬ。,ナ行変格活用,サ行変格活用,ラ行変格活用,カ行変格活用,カ行変格活用
Q00092,動詞,動詞①,傍線部の語の活用の種類として正しいものを選べ。,袖をうちおほひて、いま一人をもかき<寄せ>て、思ふぞいみじきや。,サ行上二段活用,サ行下二段活用,サ行上一段活用,サ行四段活用,サ行下二段活用
Q00045,動詞,動詞①,傍線部の語の活用の種類として正しいものを選べ。,『言ひつること、いま一かへり、われに言ひて聞かせよ』と、<仰せ>られければ、,サ行上一段活用,サ行上二段活用,サ行下二段活用,サ行四段活用,サ行下二段活用
Q00017,動詞,動詞①,傍線部の語の活用の種類として正しいものを選べ。,親となりなば、いみじうやむごとなくわが身もなりなむなど、ただ行方なきことをうち思ひ<過ぐす>に、,サ行四段活用,サ行上二段活用,サ行上一段活用,サ行下二段活用,サ行四段活用
Q00056,動詞,動詞①,傍線部の語の活用の種類として正しいものを選べ。,十日ばかりありて、まかでたれば、父母、炭櫃に火など<おこし>て待ちゐたりけり。,サ行上二段活用,サ行上一段活用,サ行四段活用,サ行下二段活用,サ行四段活用
Q00030,動詞,動詞①,傍線部の語の活用の種類として正しいものを選べ。,御前たちも、かならずさ<おぼす>ゆゑはべらむかし。,サ行上一段活用,サ行下二段活用,サ行上二段活用,サ行四段活用,サ行四段活用
Q00019,動詞,動詞①,傍線部の語の活用の種類として正しいものを選べ。,三月といふに武蔵の国に行き着きて、この男を尋ぬるに、この皇女、おほやけ使ひを<召し>て、,サ行四段活用,サ行下二段活用,サ行上二段活用,サ行上一段活用,サ行四段活用
Q00008,動詞,動詞①,傍線部の語の活用の種類として正しいものを選べ。,前の世にその御寺に仏念じ<申し>けむ力に、おのづからようもやあらまし。,サ行四段活用,サ行上二段活用,サ行上一段活用,サ行下二段活用,サ行四段活用
Q00010,動詞,動詞①,傍線部の語の活用の種類として正しいものを選べ。,はしるはしるわづかに見つつ、心も得ず心もとなく思ふ源氏を、一の巻よりして、人もまじらず、几帳の内にうち<臥し>て、引き出でつつ見る心地、后の位も何にかはせむ。,サ行四段活用,サ行上二段活用,サ行上一段活用,サ行下二段活用,サ行四段活用
Q00025,動詞,動詞①,傍線部の語の活用の種類として正しいものを選べ。,いといみじう侘しく恐ろしうて、夜を<明かす>ほど、千歳を過ぐす心地す。,サ行上一段活用,サ行四段活用,サ行下二段活用,サ行上二段活用,サ行四段活用
Q00027,動詞,動詞①,傍線部の語の活用の種類として正しいものを選べ。,侍従大納言の姫君の<おはする>な。,サ行変格活用,カ行変格活用,ラ行変格活用,ナ行変格活用,サ行変格活用
Q00061,動詞,動詞①,傍線部の語の活用の種類として正しいものを選べ。,庵なども浮きぬばかりに雨降りなど<すれ>ば、おそろしくて、寝も寝られず。,サ行変格活用,サ行下二段活用,サ行四段活用,サ行上二段活用,サ行変格活用
Q00062,動詞,動詞①,傍線部の語の活用の種類として正しいものを選べ。,人びとをかしがりて、歌よみなど<する>に、,サ行上二段活用,サ行四段活用,サ行変格活用,サ行下二段活用,サ行変格活用
Q00071,動詞,動詞①,傍線部の語の活用の種類として正しいものを選べ。,人びといみじうあはれがりて、けぢかくて、人びともて<興ずる>に、,サ行上二段活用,サ行四段活用,サ行下二段活用,サ行変格活用,サ行変格活用
Q00015,動詞,動詞①,傍線部の語の活用の種類として正しいものを選べ。,物詣でをわづかにしても、はかばかしく人のやうならむとも<念ぜ>られず。,ナ行変格活用,サ行変格活用,カ行変格活用,ラ行変格活用,サ行変格活用
Q00011,動詞,動詞①,傍線部の語の活用の種類として正しいものを選べ。,この物語、見<果て>むと思へど見えず。,タ行上二段活用,タ行上一段活用,タ行下二段活用,タ行四段活用,タ行下二段活用
Q00021,動詞,動詞①,傍線部の語の活用の種類として正しいものを選べ。,秋の夜は、おぼし<捨て>つるななりな。,タ行下二段活用,タ行上二段活用,タ行四段活用,タ行上一段活用,タ行下二段活用
Q00107,動詞,動詞①,傍線部の語の活用の種類として正しいものを選べ。,また初瀬に<詣づれ>ば、初めにこよなくもの頼もし。,ダ行下二段活用,ダ行上一段活用,ダ行上二段活用,ダ行四段活用,ダ行下二段活用
Q00001,動詞,動詞①,傍線部の語の活用の種類として正しいものを選べ。,昔越えしも冬ぞかしと思ひ<出で>らるるに、,ダ行上二段活用,ダ行四段活用,ダ行上一段活用,ダ行下二段活用,ダ行下二段活用
Q00073,動詞,動詞①,傍線部の語の活用の種類として正しいものを選べ。,えもいはず大きなる石の四方なる中に、穴のあきたる中より<出づる>水の清くつめたきことかぎりなし。,ダ行四段活用,ダ行下二段活用,ダ行上二段活用,ダ行上一段活用,ダ行下二段活用
Q00102,動詞,動詞①,傍線部の語の活用の種類として正しいものを選べ。,三日さぶらひて<まかで>ぬ。,ダ行上一段活用,ダ行下二段活用,ダ行上二段活用,ダ行四段活用,ダ行下二段活用
Q00098,動詞,動詞①,傍線部の語の活用の種類として正しいものを選べ。,物へ行くにもろともに来べき人<待つ>なるべし。,タ行上一段活用,タ行四段活用,タ行上二段活用,タ行下二段活用,タ行四段活用
Q00063,動詞,動詞①,傍線部の語の活用の種類として正しいものを選べ。,そのつとめて、そこを<立ち>て、下総の国と武蔵との境にてあるふとゐ河といふが上の瀬、松里のわたりの津に泊まりて、,タ行上二段活用,タ行上一段活用,タ行下二段活用,タ行四段活用,タ行四段活用
Q00051,動詞,動詞①,傍線部の語の活用の種類として正しいものを選べ。,富士川といふは、富士の山より<落ち>たる水なり。,タ行上一段活用,タ行下二段活用,タ行四段活用,タ行上二段活用,タ行上二段活用
Q00090,動詞,動詞①,傍線部の語の活用の種類として正しいものを選べ。,かやうに明くるまで眺めあかいて、夜明けてぞみな人<寝>ぬる。,ナ行四段活用,ナ行上二段活用,ナ行下二段活用,ナ行上一段活用,ナ行下二段活用
Q00087,動詞,動詞①,傍線部の語の活用の種類として正しいものを選べ。,<尋ぬる>人やあると、これを隠して飼ふに、,ナ行下二段活用,ナ行四段活用,ナ行上一段活用,ナ行上二段活用,ナ行下二段活用
Q00039,動詞,動詞①,傍線部の語の活用の種類として正しいものを選べ。,二十余日の暁方の月、いみじくあはれに山の方は小暗く、滝の音も<似る>ものなくのみ眺められて、,ナ行四段活用,ナ行上二段活用,ナ行上一段活用,ナ行下二段活用,ナ行上一段活用
Q00033,動詞,動詞①,傍線部の語の活用の種類として正しいものを選べ。,かかるほどのことは、<いらへ>ぬも便なしなどあれば、,ハ行上二段活用,ハ行上一段活用,ハ行四段活用,ハ行下二段活用,ハ行下二段活用
Q00046,動詞,動詞①,傍線部の語の活用の種類として正しいものを選べ。,雪の日を<経>て降るころ、吉野山に住む尼君を思ひやる。,ハ行上一段活用,ハ行下二段活用,ハ行上二段活用,ハ行四段活用,ハ行下二段活用
Q00057,動詞,動詞①,傍線部の語の活用の種類として正しいものを選べ。,にしとみといふ所の山、絵よく描きたらむ屏風を立て<並べ>たらむやうなり。,バ行下二段活用,バ行上二段活用,バ行上一段活用,バ行四段活用,バ行下二段活用
Q00050,動詞,動詞①,傍線部の語の活用の種類として正しいものを選べ。,四月晦方、さるべきゆゑありて、東山なる所へ<移ろふ>。,ハ行下二段活用,ハ行上二段活用,ハ行四段活用,ハ行上一段活用,ハ行四段活用
Q00023,動詞,動詞①,傍線部の語の活用の種類として正しいものを選べ。,「難波わたりに比ぶれば」とめでたく<歌ひ>たり。,ハ行下二段活用,ハ行上一段活用,ハ行四段活用,ハ行上二段活用,ハ行四段活用
Q00058,動詞,動詞①,傍線部の語の活用の種類として正しいものを選べ。,世の中に物語と<いふ>もののあんなるを、いかで見ばやとおもひつつ、,ハ行四段活用,ハ行上二段活用,ハ行下二段活用,ハ行上一段活用,ハ行四段活用
Q00064,動詞,動詞①,傍線部の語の活用の種類として正しいものを選べ。,いと恋しければ、行かまほしく<おもふ>に、兄なる人抱きて率て行きたり。,ハ行上一段活用,ハ行下二段活用,ハ行四段活用,ハ行上二段活用,ハ行四段活用
Q00084,動詞,動詞①,傍線部の語の活用の種類として正しいものを選べ。,人にも語らず、<習は>むとも思ひかけず。,ハ行上一段活用,ハ行四段活用,ハ行下二段活用,ハ行上二段活用,ハ行四段活用
Q00053,動詞,動詞①,傍線部の語の活用の種類として正しいものを選べ。,「あれは物詣で人なめりな。月日しもこそ世に多かれ」と<笑ふ>中に、いかなる心ある人にか、,ハ行四段活用,ハ行上二段活用,ハ行下二段活用,ハ行上一段活用,ハ行四段活用
Q00041,動詞,動詞①,傍線部の語の活用の種類として正しいものを選べ。,「そこは内裏にこそあらむとすれ。博士の命婦をこそよく語らはめ」と<のたまふ>と思ひて、,ハ行上一段活用,ハ行下二段活用,ハ行上二段活用,ハ行四段活用,ハ行四段活用
Q00066,動詞,動詞①,傍線部の語の活用の種類として正しいものを選べ。,はるかにははさうなどいふ所の廊の跡の礎などあり。いかなる所ぞと<問へ>ば、,ハ行上二段活用,ハ行上一段活用,ハ行四段活用,ハ行下二段活用,ハ行四段活用
Q00024,動詞,動詞①,傍線部の語の活用の種類として正しいものを選べ。,<呼び>わづらひて、笛をいとをかしく吹きすまして、過ぎぬなり。,バ行下二段活用,バ行上二段活用,バ行上一段活用,バ行四段活用,バ行四段活用
Q00047,動詞,動詞①,傍線部の語の活用の種類として正しいものを選べ。,武蔵の国の衛士の男なむ、いと香ばしき物を首にひきかけて、<飛ぶ>やうに逃げける,バ行四段活用,バ行上二段活用,バ行下二段活用,バ行上一段活用,バ行四段活用
Q00072,動詞,動詞①,傍線部の語の活用の種類として正しいものを選べ。,葵のただ三筋ばかりあるを、世ばなれてかかる山中にしも<生ひ>けむよと、人びとあはれがる。,ハ行四段活用,ハ行下二段活用,ハ行上二段活用,ハ行上一段活用,ハ行上二段活用
Q00052,動詞,動詞①,傍線部の語の活用の種類として正しいものを選べ。,今はいかで、この若き人びと<大人び>させむと思ふよりほかの事なきに、,バ行下二段活用,バ行上二段活用,バ行四段活用,バ行上一段活用,バ行上二段活用
Q00037,動詞,動詞①,傍線部の語の活用の種類として正しいものを選べ。,心も<慰め>むと、心くるしがりて、母、物語など求めて見せたまふに、げにおのづから慰みゆく。,マ行上一段活用,マ行四段活用,マ行上二段活用,マ行下二段活用,マ行下二段活用
Q00029,動詞,動詞①,傍線部の語の活用の種類として正しいものを選べ。,月のころ、竹のもと近くて風の音に目のみ<覚め>て、うちとけて寝られぬころ、,マ行上一段活用,マ行四段活用,マ行下二段活用,マ行上二段活用,マ行下二段活用
Q00082,動詞,動詞①,傍線部の語の活用の種類として正しいものを選べ。,母、物語など<求め>て見せたまふに、げにおのづから慰みゆく。,マ行上一段活用,マ行下二段活用,マ行四段活用,マ行上二段活用,マ行下二段活用
Q00006,動詞,動詞①,傍線部の語の活用の種類として正しいものを選べ。,姉なる人、空をつくづくと<眺め>て、,マ行上二段活用,マ行上一段活用,マ行下二段活用,マ行四段活用,マ行下二段活用
Q00032,動詞,動詞①,傍線部の語の活用の種類として正しいものを選べ。,「硯の水の凍れば、みな閉ぢられて<とどめ>つ」と言ひたるに、,マ行上一段活用,マ行四段活用,マ行下二段活用,マ行上二段活用,マ行下二段活用
Q00101,動詞,動詞①,傍線部の語の活用の種類として正しいものを選べ。,いといふかひなく、詣で仕うまつることもなくて<やみ>にき。,マ行四段活用,マ行上一段活用,マ行下二段活用,マ行上二段活用,マ行四段活用
Q00086,動詞,動詞①,傍線部の語の活用の種類として正しいものを選べ。,五月ばかり、夜更くるまて物語を<読み>て起きゐたれば、,マ行上一段活用,マ行上二段活用,マ行四段活用,マ行下二段活用,マ行四段活用
Q00065,動詞,動詞①,傍線部の語の活用の種類として正しいものを選べ。,紅の上に着てうち<悩み>て臥したる月影、,マ行上一段活用,マ行上二段活用,マ行下二段活用,マ行四段活用,マ行四段活用
Q00083,動詞,動詞①,傍線部の語の活用の種類として正しいものを選べ。,心も得ず心もとなく思ふ源氏を、一の巻よりして、人もまじらず、几帳の内にうち臥して、引き出でつつ<見る>心地、后の位も何にかはせむ。,マ行上一段活用,マ行下二段活用,マ行上二段活用,マ行四段活用,マ行上一段活用
Q00079,動詞,動詞①,傍線部の語の活用の種類として正しいものを選べ。,不破の関、あつみの山など<越え>て、近江の国おきながといふ人の家に宿りて、四五日あり。,ヤ行四段活用,ヤ行上二段活用,ヤ行上一段活用,ヤ行下二段活用,ヤ行下二段活用
Q00077,動詞,動詞①,傍線部の語の活用の種類として正しいものを選べ。,さやの中山など越えけむほども<おぼえ>ず。,ヤ行四段活用,ヤ行上一段活用,ヤ行上二段活用,ヤ行下二段活用,ヤ行下二段活用
Q00074,動詞,動詞①,傍線部の語の活用の種類として正しいものを選べ。,富士の山はこの国なり。我が生ひ出でし国にては、西面に<見え>し山なり。,ヤ行上二段活用,ヤ行下二段活用,ヤ行四段活用,ヤ行上一段活用,ヤ行下二段活用
Q00054,動詞,動詞①,傍線部の語の活用の種類として正しいものを選べ。,白山の雪の下なるさざれ石の中の思ひは<消え>むものかは,ヤ行四段活用,ヤ行下二段活用,ヤ行上二段活用,ヤ行上一段活用,ヤ行下二段活用
Q00013,動詞,動詞①,傍線部の語の活用の種類として正しいものを選べ。,さすがに命は憂きにも<絶え>ず長らふめれど、後の世も思ふにかなはずぞあらむかしとぞ、うしろめたきに、頼むこと一つぞありける。,ヤ行四段活用,ヤ行上一段活用,ヤ行上二段活用,ヤ行下二段活用,ヤ行下二段活用
Q00055,動詞,動詞①,傍線部の語の活用の種類として正しいものを選べ。,見しままに<燃え>し煙は尽きにしをいかが尋ねし野辺の笹原,ヤ行上一段活用,ヤ行下二段活用,ヤ行四段活用,ヤ行上二段活用,ヤ行下二段活用
Q00009,動詞,動詞①,傍線部の語の活用の種類として正しいものを選べ。,又の日もいみじく雪降り荒れて、宮に語らひ<聞こゆる>人の具したまへると、物語りして心細さを慰む。,ヤ行四段活用,ヤ行上二段活用,ヤ行下二段活用,ヤ行上一段活用,ヤ行下二段活用
Q00035,動詞,動詞①,傍線部の語の活用の種類として正しいものを選べ。,広々と<荒れ>たる所の、過ぎ来つる山々にも劣らず、大きにおそろしげなる深山木どものやうにて、都の内とも見えぬ所のさまなり。,ラ行四段活用,ラ行上二段活用,ラ行変格活用,ラ行下二段活用,ラ行下二段活用
Q00048,動詞,動詞①,傍線部の語の活用の種類として正しいものを選べ。,道顕証ならぬ先にと、夜深う出でしかば立ち<遅れ>たる人びとも待ち、,ラ行上二段活用,ラ行下二段活用,ラ行四段活用,ラ行変格活用,ラ行下二段活用
Q00020,動詞,動詞①,傍線部の語の活用の種類として正しいものを選べ。,たたくとも誰れか水鶏の<暮れ>ぬるに山路を深く尋ねては来む,ラ行変格活用,ラ行上二段活用,ラ行四段活用,ラ行下二段活用,ラ行下二段活用
Q00042,動詞,動詞①,傍線部の語の活用の種類として正しいものを選べ。,ねむごろに語らふ人の、かうて後<訪れ>ぬに、,ラ行四段活用,ラ行下二段活用,ラ行変格活用,ラ行上二段活用,ラ行下二段活用
Q00038,動詞,動詞①,傍線部の語の活用の種類として正しいものを選べ。,乳母なる人は男などもなくなして、境にて子産みたりしかば、<離れ>て別に上る。,ラ行下二段活用,ラ行変格活用,ラ行上二段活用,ラ行四段活用,ラ行下二段活用
Q00075,動詞,動詞①,傍線部の語の活用の種類として正しいものを選べ。,白き水はやく<流れ>たり。,ラ行下二段活用,ラ行上一段活用,ラ行四段活用,ラ行上二段活用,ラ行下二段活用
Q00103,動詞,動詞①,傍線部の語の活用の種類として正しいものを選べ。,そこら桟敷どもに<移る>とて、行き違ふ馬も車も徒歩人も、「あれはなぞ、あれはなぞ」と、安からず言ひ驚き、あさみ笑ひ、あざける者どももあり。,ラ行四段活用,ラ行下二段活用,ラ行上二段活用,ラ行上一段活用,ラ行四段活用
Q00110,動詞,動詞①,傍線部の語の活用の種類として正しいものを選べ。,さるべきやうありて、秋ごろ和泉に<下る>に、,ラ行上二段活用,ラ行下二段活用,ラ行四段活用,ラ行上一段活用,ラ行四段活用
Q00076,動詞,動詞①,傍線部の語の活用の種類として正しいものを選べ。,その国の人の出でて<語る>やう、,ラ行下二段活用,ラ行上一段活用,ラ行四段活用,ラ行上二段活用,ラ行四段活用
Q00100,動詞,動詞①,傍線部の語の活用の種類として正しいものを選べ。,この御堂の東におはする丈六の仏は、そこの<造り>たりしなり。,ラ行下二段活用,ラ行上一段活用,ラ行上二段活用,ラ行四段活用,ラ行四段活用
Q00085,動詞,動詞①,傍線部の語の活用の種類として正しいものを選べ。,三月つごもりがた、土忌みに人のもとに渡りたるに、桜盛りにおもしろく、今まで<散ら>ぬもあり。,ラ行下二段活用,ラ行上一段活用,ラ行上二段活用,ラ行四段活用,ラ行四段活用
Q00028,動詞,動詞①,傍線部の語の活用の種類として正しいものを選べ。,夜深く出でしかば、人びと困じて野路地といふ所に<留まり>て、,ラ行上二段活用,ラ行四段活用,ラ行変格活用,ラ行下二段活用,ラ行四段活用
Q00104,動詞,動詞①,傍線部の語の活用の種類として正しいものを選べ。,舟の舵<とり>たる男ども、舟を待つ人の数も知らぬに心おごりしたるけしきにて、,ラ行上二段活用,ラ行下二段活用,ラ行四段活用,ラ行上一段活用,ラ行四段活用
Q00007,動詞,動詞①,傍線部の語の活用の種類として正しいものを選べ。,あづまに下りし親、からうじて<上り>て、西山なる所に落ち着きたれば、,ラ行下二段活用,ラ行四段活用,ラ行上二段活用,ラ行変格活用,ラ行四段活用
Q00044,動詞,動詞①,傍線部の語の活用の種類として正しいものを選べ。,冬になりて上るに、大津といふ浦に舟に<乗り>たるに、,ラ行下二段活用,ラ行変格活用,ラ行上二段活用,ラ行四段活用,ラ行四段活用
Q00004,動詞,動詞①,傍線部の語の活用の種類として正しいものを選べ。,昔の人の、必ず求めておこせよ、とありしかば求めしに、その折はえ見出でず<なり>にしを、,ラ行上二段活用,ラ行四段活用,ラ行変格活用,ラ行下二段活用,ラ行四段活用
Q00088,動詞,動詞①,傍線部の語の活用の種類として正しいものを選べ。,侍従大納言の姫君のおはするな。大納言殿に<知ら>せたてまつらばや。,ラ行四段活用,ラ行上一段活用,ラ行上二段活用,ラ行下二段活用,ラ行四段活用
Q00097,動詞,動詞①,傍線部の語の活用の種類として正しいものを選べ。,見むもなかなかなべければ、内にも<入ら>ず。,ラ行上一段活用,ラ行上二段活用,ラ行四段活用,ラ行下二段活用,ラ行四段活用
Q00068,動詞,動詞①,傍線部の語の活用の種類として正しいものを選べ。,はや<帰り>て朝廷に、このよしを奏せよ,ラ行上二段活用,ラ行四段活用,ラ行下二段活用,ラ行上一段活用,ラ行四段活用
Q00014,動詞,動詞①,傍線部の語の活用の種類として正しいものを選べ。,松里のわたりの月影あはれに見し乳母も、三月一日に<亡くなり>ぬ。,ラ行上二段活用,ラ行四段活用,ラ行変格活用,ラ行下二段活用,ラ行四段活用
Q00095,動詞,動詞①,傍線部の語の活用の種類として正しいものを選べ。,十月晦方にあからさまに来て見れば、小暗う<茂れ>りし木の葉ども残りなく散り乱れて、,ラ行上二段活用,ラ行下二段活用,ラ行上一段活用,ラ行四段活用,ラ行四段活用
Q00106,動詞,動詞①,傍線部の語の活用の種類として正しいものを選べ。,また石山に<籠もり>たれば、夜もすがら雨ぞいみじく降る。,ラ行下二段活用,ラ行上二段活用,ラ行上一段活用,ラ行四段活用,ラ行四段活用
Q00026,動詞,動詞①,傍線部の語の活用の種類として正しいものを選べ。,唐土などにも、昔より春秋の定めは、えし<はべら>ざなるを、,ラ行変格活用,ラ行四段活用,ラ行下二段活用,ラ行上一段活用,ラ行変格活用
Q00059,動詞,動詞①,傍線部の語の活用の種類として正しいものを選べ。,京にとくあげたまひて、物語のおほくはべるなる、<ある>かぎり見せたまへ,ラ行下二段活用,ラ行四段活用,ラ行変格活用,ラ行上一段活用,ラ行変格活用
Q00067,動詞,動詞①,傍線部の語の活用の種類として正しいものを選べ。,これはいにしへ竹芝といふ坂なり。国の人の<あり>けるを、,ラ行下二段活用,ラ行上一段活用,ラ行四段活用,ラ行変格活用,ラ行変格活用
Q00108,動詞,動詞①,傍線部の語の活用の種類として正しいものを選べ。,野中にかりそめに庵造りて<据ゑ>たれば、人はただ野にゐて夜を明かす。,ワ行下二段活用,ワ行上一段活用,ワ行上二段活用,ワ行四段活用,ワ行下二段活用
Q00003,動詞,動詞①,傍線部の語の活用の種類として正しいものを選べ。,母、一尺の鏡を鋳させて、え<率>て参らぬかはりにとて、僧を出だし立てて、初瀬に詣でさすめり。,ワ行上二段活用,ワ行上一段活用,ワ行下二段活用,ワ行四段活用,ワ行上一段活用
Q00214,動詞,動詞②,傍線部の語の活用形として正しいものを選べ。,そこら桟敷どもに<移る>とて、行き違ふ馬も車も徒歩人も、「あれはなぞ、あれはなぞ」と、安からず言ひ驚き、あさみ笑ひ、あざける者どももあり。,未然形,終止形,連用形,連体形,終止形
Q00152,動詞,動詞②,傍線部の語の活用形として正しいものを選べ。,「そこは内裏にこそあらむとすれ。博士の命婦をこそよく語らはめ」と<のたまふ>と思ひて、,未然形,連用形,終止形,連体形,終止形
Q00148,動詞,動詞②,傍線部の語の活用形として正しいものを選べ。,心も<慰め>むと、心くるしがりて、母、物語など求めて見せたまふに、げにおのづから慰みゆく。,連用形,未然形,終止形,連体形,未然形
Q00144,動詞,動詞②,傍線部の語の活用形として正しいものを選べ。,かかるほどのことは、<いらへ>ぬも便なしなどあれば、,連用形,未然形,終止形,連体形,未然形
Q00122,動詞,動詞②,傍線部の語の活用形として正しいものを選べ。,この物語、見<果て>むと思へど見えず。,連体形,連用形,終止形,未然形,未然形
Q00188,動詞,動詞②,傍線部の語の活用形として正しいものを選べ。,さやの中山など越えけむほども<おぼえ>ず。,終止形,連用形,未然形,連体形,未然形
Q00171,動詞,動詞②,傍線部の語の活用形として正しいものを選べ。,額をつきし薬師仏の立ちたまへるを、見捨てたてまつる悲しくて、人知れずうち<泣か>れぬ。,未然形,連用形,終止形,連体形,未然形
Q00156,動詞,動詞②,傍線部の語の活用形として正しいものを選べ。,『言ひつること、いま一かへり、われに言ひて聞かせよ』と、<仰せ>られければ、,未然形,連用形,終止形,連体形,未然形
Q00133,動詞,動詞②,傍線部の語の活用形として正しいものを選べ。,契りおきし花のさかりを<告げ>ぬかな春やまだ来ぬ花や匂はぬ,未然形,連用形,終止形,連体形,未然形
Q00196,動詞,動詞②,傍線部の語の活用形として正しいものを選べ。,三月つごもりがた、土忌みに人のもとに渡りたるに、桜盛りにおもしろく、今まで<散ら>ぬもあり。,未然形,連用形,終止形,連体形,未然形
Q00137,動詞,動詞②,傍線部の語の活用形として正しいものを選べ。,唐土などにも、昔より春秋の定めは、えし<はべら>ざなるを、,終止形,連用形,未然形,連体形,未然形
Q00195,動詞,動詞②,傍線部の語の活用形として正しいものを選べ。,人にも語らず、<習は>むとも思ひかけず。,終止形,連用形,未然形,連体形,未然形
Q00112,動詞,動詞②,傍線部の語の活用形として正しいものを選べ。,昔越えしも冬ぞかしと思ひ<出で>らるるに、,終止形,連用形,未然形,連体形,未然形
Q00165,動詞,動詞②,傍線部の語の活用形として正しいものを選べ。,白山の雪の下なるさざれ石の中の思ひは<消え>むものかは,連体形,連用形,終止形,未然形,未然形
Q00124,動詞,動詞②,傍線部の語の活用形として正しいものを選べ。,さすがに命は憂きにも<絶え>ず長らふめれど、後の世も思ふにかなはずぞあらむかしとぞ、うしろめたきに、頼むこと一つぞありける。,連用形,未然形,終止形,連体形,未然形
Q00163,動詞,動詞②,傍線部の語の活用形として正しいものを選べ。,今はいかで、この若き人びと<大人び>させむと思ふよりほかの事なきに、,終止形,連用形,未然形,連体形,未然形
Q00207,動詞,動詞②,傍線部の語の活用形として正しいものを選べ。,夜昼<嘆か>るるを聞く心地、花紅葉の思ひもみな忘れて悲しく、,連用形,未然形,終止形,連体形,未然形
Q00199,動詞,動詞②,傍線部の語の活用形として正しいものを選べ。,侍従大納言の姫君のおはするな。大納言殿に<知ら>せたてまつらばや。,終止形,連用形,未然形,連体形,未然形
Q00208,動詞,動詞②,傍線部の語の活用形として正しいものを選べ。,見むもなかなかなべければ、内にも<入ら>ず。,終止形,連用形,未然形,連体形,未然形
Q00126,動詞,動詞②,傍線部の語の活用形として正しいものを選べ。,物詣でをわづかにしても、はかばかしく人のやうならむとも<念ぜ>られず。,連体形,連用形,終止形,未然形,未然形
Q00153,動詞,動詞②,傍線部の語の活用形として正しいものを選べ。,ねむごろに語らふ人の、かうて後<訪れ>ぬに、,未然形,連用形,終止形,連体形,未然形
Q00222,動詞,動詞②,傍線部の語の活用形として正しいものを選べ。,「いづら猫は。こち率て<来>」,未然形,連用形,已然形,命令形,命令形
Q00138,動詞,動詞②,傍線部の語の活用形として正しいものを選べ。,侍従大納言の姫君の<おはする>な。,連体形,連用形,終止形,未然形,連体形
Q00173,動詞,動詞②,傍線部の語の活用形として正しいものを選べ。,人びとをかしがりて、歌よみなど<する>に、,連体形,連用形,終止形,未然形,連体形
Q00221,動詞,動詞②,傍線部の語の活用形として正しいものを選べ。,さるべきやうありて、秋ごろ和泉に<下る>に、,未然形,連体形,終止形,連用形,連体形
Q00182,動詞,動詞②,傍線部の語の活用形として正しいものを選べ。,人びといみじうあはれがりて、けぢかくて、人びともて<興ずる>に、,未然形,連用形,連体形,終止形,連体形
Q00194,動詞,動詞②,傍線部の語の活用形として正しいものを選べ。,心も得ず心もとなく思ふ源氏を、一の巻よりして、人もまじらず、几帳の内にうち臥して、引き出でつつ<見る>心地、后の位も何にかはせむ。,未然形,連体形,終止形,連用形,連体形
Q00169,動詞,動詞②,傍線部の語の活用形として正しいものを選べ。,世の中に物語と<いふ>もののあんなるを、いかで見ばやとおもひつつ、,未然形,連用形,連体形,終止形,連体形
Q00142,動詞,動詞②,傍線部の語の活用形として正しいものを選べ。,世の中の憂きも辛きもをかしきも、かたみに言ひ<語らふ>人、,未然形,連用形,終止形,連体形,連体形
Q00187,動詞,動詞②,傍線部の語の活用形として正しいものを選べ。,その国の人の出でて<語る>やう、,連体形,連用形,終止形,未然形,連体形
Q00175,動詞,動詞②,傍線部の語の活用形として正しいものを選べ。,いと恋しければ、行かまほしく<おもふ>に、兄なる人抱きて率て行きたり。,未然形,連用形,連体形,終止形,連体形
Q00141,動詞,動詞②,傍線部の語の活用形として正しいものを選べ。,御前たちも、かならずさ<おぼす>ゆゑはべらむかし。,未然形,連用形,連体形,終止形,連体形
Q00150,動詞,動詞②,傍線部の語の活用形として正しいものを選べ。,二十余日の暁方の月、いみじくあはれに山の方は小暗く、滝の音も<似る>ものなくのみ眺められて、,未然形,連用形,終止形,連体形,連体形
Q00184,動詞,動詞②,傍線部の語の活用形として正しいものを選べ。,えもいはず大きなる石の四方なる中に、穴のあきたる中より<出づる>水の清くつめたきことかぎりなし。,未然形,連体形,終止形,連用形,連体形
Q00164,動詞,動詞②,傍線部の語の活用形として正しいものを選べ。,「あれは物詣で人なめりな。月日しもこそ世に多かれ」と<笑ふ>中に、いかなる心ある人にか、,未然形,連体形,終止形,連用形,連体形
Q00216,動詞,動詞②,傍線部の語の活用形として正しいものを選べ。,いみじう風の<吹く>日、宇治の渡りをするに、網代いと近う漕ぎ寄りたり。,未然形,連用形,連体形,終止形,連体形
Q00151,動詞,動詞②,傍線部の語の活用形として正しいものを選べ。,池の鳥どもの、夜もすがら声々羽ぶき<さわぐ>音のするに、目も覚めて、,未然形,連体形,終止形,連用形,連体形
Q00209,動詞,動詞②,傍線部の語の活用形として正しいものを選べ。,物へ行くにもろともに来べき人<待つ>なるべし。,連体形,連用形,終止形,未然形,連体形
Q00158,動詞,動詞②,傍線部の語の活用形として正しいものを選べ。,武蔵の国の衛士の男なむ、いと香ばしき物を首にひきかけて、<飛ぶ>やうに逃げける,未然形,連用形,終止形,連体形,連体形
Q00120,動詞,動詞②,傍線部の語の活用形として正しいものを選べ。,又の日もいみじく雪降り荒れて、宮に語らひ<聞こゆる>人の具したまへると、物語りして心細さを慰む。,未然形,連用形,連体形,終止形,連体形
Q00136,動詞,動詞②,傍線部の語の活用形として正しいものを選べ。,いといみじう侘しく恐ろしうて、夜を<明かす>ほど、千歳を過ぐす心地す。,未然形,連体形,終止形,連用形,連体形
Q00170,動詞,動詞②,傍線部の語の活用形として正しいものを選べ。,京にとくあげたまひて、物語のおほくはべるなる、<ある>かぎり見せたまへ,未然形,連用形,終止形,連体形,連体形
Q00205,動詞,動詞②,傍線部の語の活用形として正しいものを選べ。,暁になりやしぬらむと思ふほどに、山の方より人あまた<来る>音す。,未然形,連体形,終止形,連用形,連体形
Q00190,動詞,動詞②,傍線部の語の活用形として正しいものを選べ。,不破の関、あつみの山など<越え>て、近江の国おきながといふ人の家に宿りて、四五日あり。,未然形,連体形,終止形,連用形,連用形
Q00134,動詞,動詞②,傍線部の語の活用形として正しいものを選べ。,「難波わたりに比ぶれば」とめでたく<歌ひ>たり。,未然形,連用形,終止形,連体形,連用形
Q00140,動詞,動詞②,傍線部の語の活用形として正しいものを選べ。,月のころ、竹のもと近くて風の音に目のみ<覚め>て、うちとけて寝られぬころ、,未然形,連用形,終止形,連体形,連用形
Q00147,動詞,動詞②,傍線部の語の活用形として正しいものを選べ。,三河と尾張となるしかすがのわたり、げに思ひ<わづらひ>ぬべくをかし。,未然形,連用形,終止形,連体形,連用形
Q00203,動詞,動詞②,傍線部の語の活用形として正しいものを選べ。,袖をうちおほひて、いま一人をもかき<寄せ>て、思ふぞいみじきや。,連用形,未然形,終止形,連体形,連用形
Q00154,動詞,動詞②,傍線部の語の活用形として正しいものを選べ。,などて、多くの年月を、いたづらにて臥し<起き>しに、おこなひをも物詣でをもせざりけむ。,未然形,連用形,終止形,連体形,連用形
Q00167,動詞,動詞②,傍線部の語の活用形として正しいものを選べ。,十日ばかりありて、まかでたれば、父母、炭櫃に火など<おこし>て待ちゐたりけり。,未然形,終止形,連用形,連体形,連用形
Q00193,動詞,動詞②,傍線部の語の活用形として正しいものを選べ。,母、物語など<求め>て見せたまふに、げにおのづから慰みゆく。,未然形,終止形,連用形,連体形,連用形
Q00123,動詞,動詞②,傍線部の語の活用形として正しいものを選べ。,うち<おどろき>たれば、夢なりけり。,未然形,連体形,終止形,連用形,連用形
Q00157,動詞,動詞②,傍線部の語の活用形として正しいものを選べ。,雪の日を<経>て降るころ、吉野山に住む尼君を思ひやる。,未然形,終止形,連用形,連体形,連用形
Q00185,動詞,動詞②,傍線部の語の活用形として正しいものを選べ。,富士の山はこの国なり。我が生ひ出でし国にては、西面に<見え>し山なり。,未然形,終止形,連用形,連体形,連用形
Q00135,動詞,動詞②,傍線部の語の活用形として正しいものを選べ。,<呼び>わづらひて、笛をいとをかしく吹きすまして、過ぎぬなり。,未然形,終止形,連用形,連体形,連用形
Q00146,動詞,動詞②,傍線部の語の活用形として正しいものを選べ。,広々と<荒れ>たる所の、過ぎ来つる山々にも劣らず、大きにおそろしげなる深山木どものやうにて、都の内とも見えぬ所のさまなり。,未然形,連体形,終止形,連用形,連用形
Q00116,動詞,動詞②,傍線部の語の活用形として正しいものを選べ。,弥生の朔日ごろに、西山の奥なる所に<行き>たる、人目も見えず、のどのどと霞みわたりたるに、,未然形,連体形,終止形,連用形,連用形
Q00210,動詞,動詞②,傍線部の語の活用形として正しいものを選べ。,几帳おし出でたる下より色々の衣こぼれ出で、梅桜<咲き>たるに、鴬木伝ひ鳴きたるを見せて、『これを見るはうれしな』とのたまふとなむ見えし。,未然形,連用形,終止形,連体形,連用形
Q00211,動詞,動詞②,傍線部の語の活用形として正しいものを選べ。,この御堂の東におはする丈六の仏は、そこの<造り>たりしなり。,未然形,連体形,終止形,連用形,連用形
Q00139,動詞,動詞②,傍線部の語の活用形として正しいものを選べ。,夜深く出でしかば、人びと困じて野路地といふ所に<留まり>て、,未然形,終止形,連用形,連体形,連用形
Q00212,動詞,動詞②,傍線部の語の活用形として正しいものを選べ。,いといふかひなく、詣で仕うまつることもなくて<やみ>にき。,連用形,未然形,終止形,連体形,連用形
Q00132,動詞,動詞②,傍線部の語の活用形として正しいものを選べ。,秋の夜は、おぼし<捨て>つるななりな。,未然形,連体形,終止形,連用形,連用形
Q00215,動詞,動詞②,傍線部の語の活用形として正しいものを選べ。,舟の舵<とり>たる男ども、舟を待つ人の数も知らぬに心おごりしたるけしきにて、,未然形,連体形,終止形,連用形,連用形
Q00200,動詞,動詞②,傍線部の語の活用形として正しいものを選べ。,世の中に「長恨歌」といふ書を物語に<書き>てある所あんなりと聞くに,連用形,未然形,終止形,連体形,連用形
Q00130,動詞,動詞②,傍線部の語の活用形として正しいものを選べ。,三月といふに武蔵の国に行き着きて、この男を尋ぬるに、この皇女、おほやけ使ひを<召し>て、,未然形,連体形,終止形,連用形,連用形
Q00127,動詞,動詞②,傍線部の語の活用形として正しいものを選べ。,冬深くなりたれば、川風けはしく吹き<上げ>つつ堪へがたくおぼえけり。,未然形,連用形,終止形,連体形,連用形
Q00118,動詞,動詞②,傍線部の語の活用形として正しいものを選べ。,あづまに下りし親、からうじて<上り>て、西山なる所に落ち着きたれば、,未然形,連用形,終止形,連体形,連用形
Q00155,動詞,動詞②,傍線部の語の活用形として正しいものを選べ。,冬になりて上るに、大津といふ浦に舟に<乗り>たるに、,未然形,連体形,終止形,連用形,連用形
Q00201,動詞,動詞②,傍線部の語の活用形として正しいものを選べ。,かやうに明くるまで眺めあかいて、夜明けてぞみな人<寝>ぬる。,未然形,連用形,終止形,連体形,連用形
Q00119,動詞,動詞②,傍線部の語の活用形として正しいものを選べ。,前の世にその御寺に仏念じ<申し>けむ力に、おのづからようもやあらまし。,未然形,連体形,終止形,連用形,連用形
Q00219,動詞,動詞②,傍線部の語の活用形として正しいものを選べ。,野中にかりそめに庵造りて<据ゑ>たれば、人はただ野にゐて夜を明かす。,未然形,終止形,連用形,連体形,連用形
Q00115,動詞,動詞②,傍線部の語の活用形として正しいものを選べ。,昔の人の、必ず求めておこせよ、とありしかば求めしに、その折はえ見出でず<なり>にしを、,未然形,連用形,終止形,連体形,連用形
Q00183,動詞,動詞②,傍線部の語の活用形として正しいものを選べ。,葵のただ三筋ばかりあるを、世ばなれてかかる山中にしも<生ひ>けむよと、人びとあはれがる。,連用形,未然形,終止形,連体形,連用形
Q00159,動詞,動詞②,傍線部の語の活用形として正しいものを選べ。,道顕証ならぬ先にと、夜深う出でしかば立ち<遅れ>たる人びとも待ち、,連用形,未然形,終止形,連体形,連用形
Q00191,動詞,動詞②,傍線部の語の活用形として正しいものを選べ。,いと暗くなりて三条の宮の西なる所に<着き>ぬ。,未然形,連用形,終止形,連体形,連用形
Q00129,動詞,動詞②,傍線部の語の活用形として正しいものを選べ。,菊の濃く薄き八つばかりに、濃き掻練を上に<着>たり。,未然形,連用形,終止形,連体形,連用形
Q00117,動詞,動詞②,傍線部の語の活用形として正しいものを選べ。,姉なる人、空をつくづくと<眺め>て、,連用形,未然形,終止形,連体形,連用形
Q00180,動詞,動詞②,傍線部の語の活用形として正しいものを選べ。,あすだ河といふ、在五中将の「いざ言問いはむ」と<詠み>けるわたりなり。,未然形,連体形,終止形,連用形,連用形
Q00166,動詞,動詞②,傍線部の語の活用形として正しいものを選べ。,見しままに<燃え>し煙は尽きにしをいかが尋ねし野辺の笹原,連用形,未然形,終止形,連体形,連用形
Q00176,動詞,動詞②,傍線部の語の活用形として正しいものを選べ。,紅の上に着てうち<悩み>て臥したる月影、,未然形,連体形,終止形,連用形,連用形
Q00213,動詞,動詞②,傍線部の語の活用形として正しいものを選べ。,三日さぶらひて<まかで>ぬ。,連用形,未然形,終止形,連体形,連用形
Q00121,動詞,動詞②,傍線部の語の活用形として正しいものを選べ。,はしるはしるわづかに見つつ、心も得ず心もとなく思ふ源氏を、一の巻よりして、人もまじらず、几帳の内にうち<臥し>て、引き出でつつ見る心地、后の位も何にかはせむ。,連用形,未然形,終止形,連体形,連用形
Q00168,動詞,動詞②,傍線部の語の活用形として正しいものを選べ。,にしとみといふ所の山、絵よく描きたらむ屏風を立て<並べ>たらむやうなり。,未然形,連体形,終止形,連用形,連用形
Q00179,動詞,動詞②,傍線部の語の活用形として正しいものを選べ。,はや<帰り>て朝廷に、このよしを奏せよ,連用形,未然形,終止形,連体形,連用形
Q00131,動詞,動詞②,傍線部の語の活用形として正しいものを選べ。,たたくとも誰れか水鶏の<暮れ>ぬるに山路を深く尋ねては来む,未然形,終止形,連用形,連体形,連用形
Q00125,動詞,動詞②,傍線部の語の活用形として正しいものを選べ。,松里のわたりの月影あはれに見し乳母も、三月一日に<亡くなり>ぬ。,未然形,終止形,連用形,連体形,連用形
Q00202,動詞,動詞②,傍線部の語の活用形として正しいものを選べ。,「大納言殿の姫君」と呼びしかば、聞き知り顔に<鳴き>て歩み来などせしかば、,未然形,連体形,終止形,連用形,連用形
Q00178,動詞,動詞②,傍線部の語の活用形として正しいものを選べ。,これはいにしへ竹芝といふ坂なり。国の人の<あり>けるを、,未然形,連体形,終止形,連用形,連用形
Q00162,動詞,動詞②,傍線部の語の活用形として正しいものを選べ。,富士川といふは、富士の山より<落ち>たる水なり。,未然形,連体形,終止形,連用形,連用形
Q00149,動詞,動詞②,傍線部の語の活用形として正しいものを選べ。,乳母なる人は男などもなくなして、境にて子産みたりしかば、<離れ>て別に上る。,未然形,終止形,連用形,連体形,連用形
Q00114,動詞,動詞②,傍線部の語の活用形として正しいものを選べ。,母、一尺の鏡を鋳させて、え<率>て参らぬかはりにとて、僧を出だし立てて、初瀬に詣でさすめり。,未然形,連体形,終止形,連用形,連用形
Q00174,動詞,動詞②,傍線部の語の活用形として正しいものを選べ。,そのつとめて、そこを<立ち>て、下総の国と武蔵との境にてあるふとゐ河といふが上の瀬、松里のわたりの津に泊まりて、,未然形,連用形,終止形,連体形,連用形
Q00186,動詞,動詞②,傍線部の語の活用形として正しいものを選べ。,白き水はやく<流れ>たり。,未然形,連体形,終止形,連用形,連用形
Q00143,動詞,動詞②,傍線部の語の活用形として正しいものを選べ。,「硯の水の凍れば、みな閉ぢられて<とどめ>つ」と言ひたるに、,連用形,未然形,終止形,連体形,連用形
Q00145,動詞,動詞②,傍線部の語の活用形として正しいものを選べ。,その返る年、四月の夜中ばかりに、火の事ありて、大納言殿の姫君と思ひ<かしづき>し猫も焼けぬ。,未然形,終止形,連用形,連体形,連用形
Q00217,動詞,動詞②,傍線部の語の活用形として正しいものを選べ。,また石山に<籠もり>たれば、夜もすがら雨ぞいみじく降る。,連用形,未然形,終止形,連体形,連用形
Q00172,動詞,動詞②,傍線部の語の活用形として正しいものを選べ。,庵なども浮きぬばかりに雨降りなど<すれ>ば、おそろしくて、寝も寝られず。,未然形,連用形,已然形,命令形,已然形
Q00218,動詞,動詞②,傍線部の語の活用形として正しいものを選べ。,また初瀬に<詣づれ>ば、初めにこよなくもの頼もし。,未然形,已然形,連用形,命令形,已然形
Q00192,動詞,動詞②,傍線部の語の活用形として正しいものを選べ。,また<聞け>ば、侍従の大納言の御むすめ亡くなりたまひぬなり。,未然形,已然形,連用形,命令形,已然形
Q00177,動詞,動詞②,傍線部の語の活用形として正しいものを選べ。,はるかにははさうなどいふ所の廊の跡の礎などあり。いかなる所ぞと<問へ>ば、,未然形,連用形,已然形,命令形,已然形
Q00306,形容詞/形容動詞,形容詞,傍線部の語の活用形として正しいものを選べ。,継母なりし人、下りし国の名を宮にも言はるるに、異人通はしてのちもなほその名を言はると聞きて、親の今は<あいなき>よし言ひにやらむとあるに、,已然形,連体形,終止形,連用形,連体形
Q00319,形容詞/形容動詞,形容詞,傍線部の語の活用形として正しいものを選べ。,ともに行く人びともいといみじく物ゆかしげなるは、<いとほしけれ>ど、「物見て何にかはせむ。かかる折にま詣でむ心ざしを、さりとも思しなむ。かならず仏の御しるしを見む」と思ひ立ちて、その暁に京を出づるに、,已然形,連体形,終止形,連用形,已然形
Q00284,形容詞/形容動詞,形容詞,傍線部の語の活用形として正しいものを選べ。,おのづからなどは、そらにおぼえ浮かぶを、<いみじき>ことに思ふに、,已然形,連体形,終止形,連用形,連体形
Q00282,形容詞/形容動詞,形容詞,傍線部の語の活用形として正しいものを選べ。,在中将、とほぎみ、芹河、しらら、あさうづなどいふ物語ども、一袋取り入れて、得て帰る心地のうれしさぞ<いみじき>や。 ,已然形,連体形,終止形,連用形,連体形
Q00235,形容詞/形容動詞,形容詞,傍線部の語の活用形として正しいものを選べ。,紅の上に着てうち悩みて臥したる月影、さやうの人には<こよなく>すぎて、,已然形,連体形,終止形,連用形,連用形
Q00276,形容詞/形容動詞,形容詞,傍線部の語の活用形として正しいものを選べ。,尋ねて、文やりたれば、めづらしがりて喜びて、御前のを下ろしたるとて、わざと<めでたき>冊子ども、硯箱の蓋に入れておこせたり。,已然形,連体形,終止形,連用形,連体形
Q00307,形容詞/形容動詞,形容詞,傍線部の語の活用形として正しいものを選べ。,浮舟の女君のやうに山里に隠し据ゑられて、花、紅葉、月、雪を眺めて、いと心細げにて、<めでたから>む御文などを、時々待ち見などこそせめ」とばかり思ひつづけ、あらましごとにもおほえけり。,未然形,連用形,終止形,連体形,未然形
Q00238,形容詞/形容動詞,形容詞,傍線部の語の活用形として正しいものを選べ。,いそぎ率ていかるる心地、いとあかず<わりなし>。,已然形,連体形,終止形,連用形,終止形
Q00285,形容詞/形容動詞,形容詞,傍線部の語の活用形として正しいものを選べ。,物語のことをのみ心にしめて、われはこのごろ<悪ろき>ぞかし。盛りにならば、かたちもかぎりなくよく、髪もいみじく長くなりなむ。,已然形,連体形,終止形,連用形,連体形
Q00270,形容詞/形容動詞,形容詞,傍線部の語の活用形として正しいものを選べ。,外の海はいといみじく<悪しく>、浪高くて入江のいたづらなる洲どもに、ことものもなく松原の茂れる中より浪の寄せ返るも、色々の玉のやうに見え、まことに松のよりな浪は,已然形,連体形,終止形,連用形,連用形
Q00309,形容詞/形容動詞,形容詞,傍線部の語の活用形として正しいものを選べ。,幼かりし時、東の国に率て下りてだに、心地もいささか<悪しけれ>ば、これをや、この国に見捨てて、まどはむとすらむと思ふ。,已然形,連体形,終止形,連用形,已然形
Q00320,形容詞/形容動詞,形容詞,傍線部の語の活用形として正しいものを選べ。,行き違ふ馬も車も徒歩人も、「あれはなぞ、あれはなぞ」と、<安から>ず言ひ驚き、あさみ笑ひ、あざける者どももあり。,未然形,連用形,終止形,連体形,未然形
Q00274,形容詞/形容動詞,形容詞,傍線部の語の活用形として正しいものを選べ。,<暗く>行き着くべくと、申の時ばかりにたちて行けば、関近くなりて、,已然形,連体形,終止形,連用形,連用形
Q00253,形容詞/形容動詞,形容詞,傍線部の語の活用形として正しいものを選べ。,麓に宿りたるに、月もなく<暗き>夜の、闇にまどふやうなるに、遊女三人いづくよりともなく出で来たり。,已然形,連体形,終止形,連用形,連体形
Q00308,形容詞/形容動詞,形容詞,傍線部の語の活用形として正しいものを選べ。,親からうじて、遥かに<遠き>東になりて、,已然形,連体形,終止形,連用形,連体形
Q00229,形容詞/形容動詞,形容詞,傍線部の語の活用形として正しいものを選べ。,夕霧立ちわたりていみじう<をかしけれ>ば、朝寝などもせず、かたがた見つつ、ここを立ちなむこともあはれに悲しきに、,已然形,連体形,終止形,連用形,已然形
Q00271,形容詞/形容動詞,形容詞,傍線部の語の活用形として正しいものを選べ。,三河と尾張となるしかすがのわたり、げに思ひわづらひぬべく<をかし>。,已然形,連体形,終止形,連用形,終止形
Q00265,形容詞/形容動詞,形容詞,傍線部の語の活用形として正しいものを選べ。,<あやし>、あさましと思ひて、取り上げて、ほして、をさめたりしを、かへる年の司召にこの文に書かれたりし、一つたがはず、,已然形,連体形,終止形,連用形,終止形
Q00223,形容詞/形容動詞,形容詞,傍線部の語の活用形として正しいものを選べ。,あづまぢの道のはてよりも、なほおくつかたに生ひ出てたる人、いかばかりかは<あやしかり>けむを、,已然形,連体形,終止形,連用形,連用形
Q00304,形容詞/形容動詞,形容詞,傍線部の語の活用形として正しいものを選べ。,驚きて見やりたれば、鹿の縁のもとまで来て、うち鳴いたる、近うては<なつかしから>ぬものの声なり。,未然形,連用形,終止形,連体形,未然形
Q00277,形容詞/形容動詞,形容詞,傍線部の語の活用形として正しいものを選べ。,<うれしく>いみじくて、昼夜、これを見るよりうちはじめ、またまたも見まほしきに、ありもつかぬ都のほとりに、誰れかは物語もとめ見する人のあらむ。,已然形,連体形,終止形,連用形,連用形
Q00311,形容詞/形容動詞,形容詞,傍線部の語の活用形として正しいものを選べ。,梅桜咲きたるに、鴬木伝ひ鳴きたるを見せて、『これを見るは<うれし>な』とのたまふとなむ見えし,已然形,連体形,終止形,連用形,終止形
Q00329,形容詞/形容動詞,形容詞,傍線部の語の活用形として正しいものを選べ。,こと人の目には見つけたてまつらず、われ一人見たてまつるに、さすがにいみじく<け恐ろしけれ>ば、簾のもと近くよりてもえ見たてまつらねば、,已然形,連体形,終止形,連用形,已然形
Q00256,形容詞/形容動詞,形容詞,傍線部の語の活用形として正しいものを選べ。,人びといみじうあはれがりて、<けぢかく>て、人びともて興ずるに、,已然形,連体形,終止形,連用形,連用形
Q00244,形容詞/形容動詞,形容詞,傍線部の語の活用形として正しいものを選べ。,酒壺のことを、いま一かへり申しければ、 『われ率て行きて見せよ。さ言ふやうあり』と、仰せられければ、かしこく<おそろし>と思ひけれど、さるべきにやありけむ、負ひたてまつりて下るに、論なく人追ひて来らむと思ひて、その夜、勢多の橋のもとに、この宮を据ゑたてまつり,已然形,連体形,終止形,連用形,終止形
Q00290,形容詞/形容動詞,形容詞,傍線部の語の活用形として正しいものを選べ。,姉なる人、空をつくづくと眺めて、 「ただ今行方なく飛び失せなば、いかが思ふべき」と問ふに、なま<恐ろし>と思へるけしきを見て、異事に言ひなして、笑ひなどして聞けば、,已然形,連体形,終止形,連用形,終止形
Q00293,形容詞/形容動詞,形容詞,傍線部の語の活用形として正しいものを選べ。,たとしへなく<狭き>所の、庭のほどもなく、木などもなきに、いと心憂きに向かひなる所に梅、紅梅など咲き乱れて、風につけて、かかへ来るにつけても、住みなれ,已然形,連体形,終止形,連用形,連体形
Q00287,形容詞/形容動詞,形容詞,傍線部の語の活用形として正しいものを選べ。,五月ついたちごろ、つま<近き>花橘のいと白く散りたるを眺めて、 ,已然形,連体形,終止形,連用形,連体形
Q00299,形容詞/形容動詞,形容詞,傍線部の語の活用形として正しいものを選べ。,霊山<近き>所なれば、詣でて拝みたてまつるに、いと苦しければ、山寺なる石井に寄りて、,已然形,連体形,終止形,連用形,連体形
Q00300,形容詞/形容動詞,形容詞,傍線部の語の活用形として正しいものを選べ。,霊山近き所なれば、詣でて拝みたてまつるに、いと<苦しけれ>ば、山寺なる石井に寄りて、手にむすびつつ飲みて、,已然形,連体形,終止形,連用形,已然形
Q00267,形容詞/形容動詞,形容詞,傍線部の語の活用形として正しいものを選べ。,いみじく<苦しけれ>ば、天中といふ川のつらに、仮屋造り設けたりければ、そこにて日ごろ過ぐるほどにぞ、やうやうおこたる。,已然形,連体形,終止形,連用形,已然形
Q00316,形容詞/形容動詞,形容詞,傍線部の語の活用形として正しいものを選べ。,逃げ入りて、局なる人びと、呼びあげなどせむも<見苦し>。,已然形,連体形,終止形,連用形,終止形
Q00243,形容詞/形容動詞,形容詞,傍線部の語の活用形として正しいものを選べ。,『われ率て行きて見せよ。さ言ふやうあり』と、仰せられければ、<かしこく>おそろしと思ひけれど、さるべきにやありけむ、負ひたてまつりて下るに、,已然形,連体形,終止形,連用形,連用形
Q00268,形容詞/形容動詞,形容詞,傍線部の語の活用形として正しいものを選べ。,冬深くなりたれば、川風<けはしく>吹き上げつつ堪へがたくおぼえけり。,已然形,連体形,終止形,連用形,連用形
Q00260,形容詞/形容動詞,形容詞,傍線部の語の活用形として正しいものを選べ。,えもいはず大きなる石の四方なる中に、穴のあきたる中より出づる水の清くつめたきこと<かぎりなし>。,已然形,連体形,終止形,連用形,終止形
Q00312,形容詞/形容動詞,形容詞,傍線部の語の活用形として正しいものを選べ。,これぞ別れの門出と、言ひ知らせしほどの悲しさよりは、平らかに待ちつけたるうれしさも<かぎりなけれ>ど、,已然形,連体形,終止形,連用形,已然形
Q00317,形容詞/形容動詞,形容詞,傍線部の語の活用形として正しいものを選べ。,おとなしく静やかなるけはひにて、物など言ふ<口惜しから>ざなり。,未然形,連用形,終止形,連体形,未然形
Q00327,形容詞/形容動詞,形容詞,傍線部の語の活用形として正しいものを選べ。,秋になりて待ち出でたるやうなれど、思ひしにはあらず、いと本意なく<口惜し>。,已然形,連体形,終止形,連用形,終止形
Q00325,形容詞/形容動詞,形容詞,傍線部の語の活用形として正しいものを選べ。,例の奈良坂のこなたに、小家などに、このたびはいと類<広けれ>ば、え宿るまじうて、野中にかりそめに庵造りて据ゑたれば、人はただ野にゐて夜を明かす。,已然形,連体形,終止形,連用形,已然形
Q00298,形容詞/形容動詞,形容詞,傍線部の語の活用形として正しいものを選べ。,返る年、睦月の司召に親の喜びすべきことありしに、<かひなき>つとめて、同じ心に思ふべき人のもとより、「さりともと思ひつつ、明くるを待ちつる心もとなさ」と言ひて、 ,已然形,連体形,終止形,連用形,連体形
Q00246,形容詞/形容動詞,形容詞,傍線部の語の活用形として正しいものを選べ。,帝、后、皇女失せたまひぬと思しまどひ、求めたまふに、 『武蔵の国の衛士の男なむ、いと<香ばしき>物を首にひきかけて、飛ぶやうに逃げける』と申し出でて、この男を尋ぬるに、なかりけり。,已然形,連体形,終止形,連用形,連体形
Q00241,形容詞/形容動詞,形容詞,傍線部の語の活用形として正しいものを選べ。,砂子白くなどもなく、こひぢのやうにてむらさき生ふと聞く野も、蘆荻のみ高く生ひて、馬に乗りて弓持たる末見えぬまで<高く>生ひ茂りて、中をわけ行くに、竹芝といふ寺あり。 [竹芝寺伝説] はるかにははさうなどいふ所の廊の跡の礎などあり。いかなる所ぞと問へば、,已然形,連体形,終止形,連用形,連用形
Q00240,形容詞/形容動詞,形容詞,傍線部の語の活用形として正しいものを選べ。,浜も砂子白くなどもなく、こひぢのやうにてむらさき生ふと聞く野も、蘆荻のみ<高く>生ひて、,已然形,連体形,終止形,連用形,連用形
Q00234,形容詞/形容動詞,形容詞,傍線部の語の活用形として正しいものを選べ。,-,已然形,連体形,終止形,連用形,連用形
Q00225,形容詞/形容動詞,形容詞,傍線部の語の活用形として正しいものを選べ。,「京に<とく>あげたまひて、物語のおほくはべるなる、あるかぎり見せたまへ」,已然形,連体形,終止形,連用形,連用形
Q00263,形容詞/形容動詞,形容詞,傍線部の語の活用形として正しいものを選べ。,一年ごろ、物にまかりたりしに、いと<暑かり>しかば、この水のつらに休みつつ見れば、川上の方より黄なる物流れ来て、物につきてとどまりたるを見れば、反故なり。,已然形,連体形,終止形,連用形,連用形
Q00301,形容詞/形容動詞,形容詞,傍線部の語の活用形として正しいものを選べ。,ほのぼのと明けゆく山際、<小暗き>梢ども霧りわたりて、花紅葉の盛りよりも、何となく茂りわたれる空のけしき、曇らはしくをかしきに、,已然形,連体形,終止形,連用形,連体形
Q00242,形容詞/形容動詞,形容詞,傍線部の語の活用形として正しいものを選べ。,この男の、かくひとりごつを、いとあはれに、いかなるひさごの、いかになびくならむと、いみじう<ゆかしく>思されければ、御簾を押し開けて、『あの男、こち寄れ』と、召しければ、,已然形,連体形,終止形,連用形,連用形
Q00288,形容詞/形容動詞,形容詞,傍線部の語の活用形として正しいものを選べ。, 世の中に「長恨歌」といふ書を物語に書きてある所あんなりと聞くに、いみじく<ゆかしけれ>ど、,已然形,連体形,終止形,連用形,已然形
Q00224,形容詞/形容動詞,形容詞,傍線部の語の活用形として正しいものを選べ。,いみじく<心もとなき>ままに、等身に薬師仏をつくりて、,已然形,連体形,終止形,連用形,連体形
Q00232,形容詞/形容動詞,形容詞,傍線部の語の活用形として正しいものを選べ。,松原茂りて、月いみじう明かきに、風の音もいみじう<心細し>。,已然形,連体形,終止形,連用形,終止形
Q00294,形容詞/形容動詞,形容詞,傍線部の語の活用形として正しいものを選べ。,たとしへなく狭き所の、庭のほどもなく、木などもなきに、いと<心憂き>に向かひなる所に梅、紅梅など咲き乱れて、風につけて、かかへ来るにつけても、住みなれし古里限りなく思ひ出でらる。,已然形,連体形,終止形,連用形,連体形
Q00328,形容詞/形容動詞,形容詞,傍線部の語の活用形として正しいものを選べ。,ただ悲しげなりと見し鏡の影のみ違はぬ、あはれに<心憂し>。,已然形,連体形,終止形,連用形,終止形
Q00303,形容詞/形容動詞,形容詞,傍線部の語の活用形として正しいものを選べ。, <深き>夜に月見る折は知らねどもまづ山里ぞ思ひやらるる,已然形,連体形,終止形,連用形,連体形
Q00230,形容詞/形容動詞,形容詞,傍線部の語の活用形として正しいものを選べ。,<深き>河を舟にてわたる。,已然形,連体形,終止形,連用形,連体形
Q00226,形容詞/形容動詞,形容詞,傍線部の語の活用形として正しいものを選べ。,日の入り際のいと<すごく>霧りわたりたるに、,已然形,連体形,終止形,連用形,連用形
Q00258,形容詞/形容動詞,形容詞,傍線部の語の活用形として正しいものを選べ。,えもいはず大きなる石の四方なる中に、穴のあきたる中より出づる水の<清く>つめたきことかぎりなし。,已然形,連体形,終止形,連用形,連用形
Q00266,形容詞/形容動詞,形容詞,傍線部の語の活用形として正しいものを選べ。,来年なるべき国どもを、除目のことみな書きて、この国来年あくべきにも、守なして、また添へて二人をなしたり。あやし、<あさまし>と思ひて、取り上げて、ほして、をさめたりしを、かへる年の司召にこの文に書かれたりし、一つたがはず、この国の守とありしままなるを、三月,已然形,連体形,終止形,連用形,終止形
Q00286,形容詞/形容動詞,形容詞,傍線部の語の活用形として正しいものを選べ。,「光るの源氏の夕顔、宇治の大将の浮舟の女君のやうにこそあらめ」と思ひける心、まづいとはかなく<あさまし>。 ,已然形,連体形,終止形,連用形,終止形
Q00262,形容詞/形容動詞,形容詞,傍線部の語の活用形として正しいものを選べ。,水の世のつねならず、すりこなどを濃くて流したらむやうに、白き水<はやく>流れたり。,已然形,連体形,終止形,連用形,連用形
Q00278,形容詞/形容動詞,形容詞,傍線部の語の活用形として正しいものを選べ。,その春、世の中いみじう<騒がしう>て、松里のわたりの月影あはれに見し乳母も、三月一日に亡くなりぬ。,已然形,連体形,終止形,連用形,連用形
Q00302,形容詞/形容動詞,形容詞,傍線部の語の活用形として正しいものを選べ。,聞山深く誰れか思ひはおこすべき月見る人は<おほから>めとも,未然形,連用形,終止形,連体形,未然形
Q00321,形容詞/形容動詞,形容詞,傍線部の語の活用形として正しいものを選べ。,「あれは物詣で人なめりな。月日しもこそ世に<多かれ>」と笑ふ中に、,已然形,連体形,終止形,連用形,已然形
Q00326,形容詞/形容動詞,形容詞,傍線部の語の活用形として正しいものを選べ。,おのづから心も慰め、さりとも頼もしう、さしあたりて<嘆かし>などおぼゆることどもないままに、,已然形,連体形,終止形,連用形,終止形
Q00281,形容詞/形容動詞,形容詞,傍線部の語の活用形として正しいものを選べ。,帰るに、 「何をかたてまつらむ。<まめまめしき>物は、まさなかりなむ。ゆかしくしたまふなるものをたてまつらむ」とて、,已然形,連体形,終止形,連用形,連体形
Q00254,形容詞/形容動詞,形容詞,傍線部の語の活用形として正しいものを選べ。,髪いと<長く>額いとよくかかりて、色白くきたなげなくて、さてもありぬべき下仕へなどにてもありぬべしなど、人びとあはれがるに、,已然形,連体形,終止形,連用形,連用形
Q00252,形容詞/形容動詞,形容詞,傍線部の語の活用形として正しいものを選べ。,やうやう入り立つ麓のほどだに、空のけしき<はかばかしく>も見えず、えもいはず茂りわたりて、いとおそろしげなり。,已然形,連体形,終止形,連用形,連用形
Q00315,形容詞/形容動詞,形容詞,傍線部の語の活用形として正しいものを選べ。,聖などすら、前の世のこと夢に見るは、いとかたかなるを、いとかう、あとはかないやうに、<はかばかしから>ぬ心地に、夢に見るやう、,未然形,連用形,終止形,連体形,未然形
Q00236,形容詞/形容動詞,形容詞,傍線部の語の活用形として正しいものを選べ。,さやうの人にはこよなくすぎて、いと白く清げにて、<めづらし>とおもひて、かきなでつつうち泣くを、いとあはれに見捨てがたくおもへど、,已然形,連体形,終止形,連用形,終止形
Q00237,形容詞/形容動詞,形容詞,傍線部の語の活用形として正しいものを選べ。,いとあはれに見捨て<がたく>おもへど、いそぎ率ていかるる心地、いとあかずわりなし。,已然形,連体形,終止形,連用形,連用形
Q00269,形容詞/形容動詞,形容詞,傍線部の語の活用形として正しいものを選べ。,設けたりければ、そこにて日ごろ過ぐるほどにぞ、やうやうおこたる。 冬深くなりたれば、川風けはしく吹き上げつつ<堪へがたく>おぼえけり。その渡りして浜名の橋に着いたり。浜名の橋下りし時は黒木をわたしたりし。このたびは、跡だに見えねば、舟にて渡る。入江にわたり,已然形,連体形,終止形,連用形,連用形
Q00261,形容詞/形容動詞,形容詞,傍線部の語の活用形として正しいものを選べ。,さまことなる山の姿の、紺青をぬりたるやうなるに、雪の消ゆる世もなく積もりたれば、色<濃き>衣に白き衵着たらむやうに見えて、,已然形,連体形,終止形,連用形,連体形
Q00231,形容詞/形容動詞,形容詞,傍線部の語の活用形として正しいものを選べ。,その夜はくろとの浜といふ所に泊まる。かたつ方はひろ山なる所の、砂子はるばると<白き>に、,已然形,連体形,終止形,連用形,連体形
Q00239,形容詞/形容動詞,形容詞,傍線部の語の活用形として正しいものを選べ。,おもかげにおぼえて<悲しけれ>ば、月の興もおぼえず、くんじ臥しぬ。 ,已然形,連体形,終止形,連用形,已然形
Q00295,形容詞/形容動詞,形容詞,傍線部の語の活用形として正しいものを選べ。,よそのことだに、をさなくよりいみじくあはれと思ひわたるに、ましていはむ方なくあはれ<悲し>と思ひ嘆かる。,已然形,連体形,終止形,連用形,終止形
Q00292,形容詞/形容動詞,形容詞,傍線部の語の活用形として正しいものを選べ。,広々と<もの深き>、深山のやうにはありながら、花紅葉の折は四方の山辺も何ならぬを見ならひたるに、たとしへなく狭き所の、庭のほどもなく、木などもなきに,已然形,連体形,終止形,連用形,連体形
Q00275,形容詞/形容動詞,形容詞,傍線部の語の活用形として正しいものを選べ。,ありもつかず、いみじう<もの騒がしけれ>ども、いつしかと思ひしことなれば、,已然形,連体形,終止形,連用形,已然形
Q00310,形容詞/形容動詞,形容詞,傍線部の語の活用形として正しいものを選べ。,かかるほどのことは、いらへぬも<便なし>などあれば、 ,已然形,連体形,終止形,連用形,終止形
Q00227,形容詞/形容動詞,形容詞,傍線部の語の活用形として正しいものを選べ。,門出したる所は、めぐりなどもなくて、かりそめのかや屋の蔀なども<なし>。,已然形,連体形,終止形,連用形,終止形
Q00283,形容詞/形容動詞,形容詞,傍線部の語の活用形として正しいものを選べ。,見る心地、后の位も何にかはせむ。昼は日暮らし、夜は目の覚めたるかぎり、灯を近くともして、これを見るより他のこと<なけれ>ば、おのづからなどは、そらにおぼえ浮かぶを、いみじきことに思ふに、夢にいときよげなる僧の、黄なる地の袈裟着たるが来て、 「法華経五の,已然形,連体形,終止形,連用形,已然形
Q00318,形容詞/形容動詞,形容詞,傍線部の語の活用形として正しいものを選べ。,なかなかに艶にをかしき夜かな。月の隈なく<明かから>むもはしたなくまばゆかりぬべかりけり。,未然形,連用形,終止形,連体形,未然形
Q00330,形容詞/形容動詞,形容詞,傍線部の語の活用形として正しいものを選べ。,ひまもなき涙に曇る心にも<明かし>と見ゆる月の影かな,已然形,連体形,終止形,連用形,終止形
Q00228,形容詞/形容動詞,形容詞,傍線部の語の活用形として正しいものを選べ。,東、西は海近くて、いと<おもしろし>。,已然形,連体形,終止形,連用形,終止形
Q00248,形容詞/形容動詞,形容詞,傍線部の語の活用形として正しいものを選べ。,かたつ方は、海、浜のさまも、寄せ返る浪のけしきも、いみじう<おもしろし>。,已然形,連体形,終止形,連用形,終止形
Q00305,形容詞/形容動詞,形容詞,傍線部の語の活用形として正しいものを選べ。,思ひ知る人に見せばや山里の秋の<夜深き>有明の月,已然形,連体形,終止形,連用形,連体形
Q00291,形容詞/形容動詞,形容詞,傍線部の語の活用形として正しいものを選べ。,荻の葉の答こたふるまでも吹きよらでただに過ぎぬる笛の音ぞ<憂き>,已然形,連体形,終止形,連用形,連体形
Q00297,形容詞/形容動詞,形容詞,傍線部の語の活用形として正しいものを選べ。,慰むる方もなぎさの浜千鳥何か<憂き>世にあともとどめむ,已然形,連体形,終止形,連用形,連体形
Q00289,形容詞/形容動詞,形容詞,傍線部の語の活用形として正しいものを選べ。,立ち出づる天の河辺のゆかしさにつねは<ゆゆしき>ことも忘れぬ,已然形,連体形,終止形,連用形,連体形
Q00322,形容詞/形容動詞,形容詞,傍線部の語の活用形として正しいものを選べ。,ある人にか、「一時が目をこやして何にかはせむ。いみじく思し立ちて、仏の御徳かならず見たまふべき人にこそあめれ。<よしなし>かし。物見で、かうこそ思ひ立つべかりけれ」とまめやかに言ふ人、一人ぞある。,已然形,連体形,終止形,連用形,終止形
Q00257,形容詞/形容動詞,形容詞,傍線部の語の活用形として正しいものを選べ。,人びとあかず思ひてみな泣くを、<幼き>心地には、ましてこの宿りをたたむことさへあかずおぼゆ。,已然形,連体形,終止形,連用形,連体形
Q00296,形容詞/形容動詞,形容詞,傍線部の語の活用形として正しいものを選べ。,母などは皆亡くなりたる方にあるに、形見にとまりたる<幼き>人びとを左右に臥せたるに、,已然形,連体形,終止形,連用形,連体形
Q00324,形容詞/形容動詞,形容詞,傍線部の語の活用形として正しいものを選べ。,初瀬川渡るに、「 初瀬川立ち帰りつつ訪ぬれば杉のしるしもこのたびや見む」と思ふもいと<頼もし>。,已然形,連体形,終止形,連用形,終止形
Q00313,形容詞/形容動詞,形容詞,傍線部の語の活用形として正しいものを選べ。,父の老い衰へて、われを子としも<頼もしから>む蔭のやうに、思ひ頼みむかひゐたるに、恋しくおぼつかなくのみおぼゆ。,未然形,連用形,終止形,連体形,未然形
Q00255,形容詞/形容動詞,形容詞,傍線部の語の活用形として正しいものを選べ。,髪いと長く額いと<よく>かかりて、色白くきたなげなくて、さてもありぬべき下仕へなどにてもありぬべしなど、人びとあはれがるに、,已然形,連体形,終止形,連用形,連用形
Q00259,形容詞/形容動詞,形容詞,傍線部の語の活用形として正しいものを選べ。,えもいはず大きなる石の四方なる中に、穴のあきたる中より出づる水の清く<つめたき>ことかぎりなし。 ,已然形,連体形,終止形,連用形,連体形
Q00264,形容詞/形容動詞,形容詞,傍線部の語の活用形として正しいものを選べ。,黄なる紙に、丹して濃く<うるはしく>か書かれたり。,已然形,連体形,終止形,連用形,連用形
Q00233,形容詞/形容動詞,形容詞,傍線部の語の活用形として正しいものを選べ。,いと<恋しけれ>ば、行かまほしくおもふに、兄なる人抱きて率て行きたり。,已然形,連体形,終止形,連用形,已然形
Q00272,形容詞/形容動詞,形容詞,傍線部の語の活用形として正しいものを選べ。,そこに遊女ども出で来て、夜一夜、歌うたふにも、足柄なりし思ひ出でられて、あはれに<恋しき>ことかぎりなし。 ,已然形,連体形,終止形,連用形,連体形
Q00247,形容詞/形容動詞,形容詞,傍線部の語の活用形として正しいものを選べ。,<論なく>もとの国にこそ行くらめと、朝廷より使ひ下りて追ふに、勢多の橋こほれて、え行きやらず。 ,已然形,連体形,終止形,連用形,連用形
Q00280,形容詞/形容動詞,形容詞,傍線部の語の活用形として正しいものを選べ。,「鳥辺山谷に煙の燃え立たば<はかなく>見えしわれと知らなむ」と、言ひ知らずをかしげにめでたく書きたまへるを見て、いとど涙を添へまさる。 ,已然形,連体形,終止形,連用形,連用形
Q00331,形容詞/形容動詞,形容動詞,傍線部の語の活用形として正しいものを選べ。,十月晦方に<あからさまに>来て見れば、おもしろき茂れりし木の葉どもおもしろく散り乱れて、,未然形,連体形,終止形,連用形,連用形
Q00332,形容詞/形容動詞,形容動詞,傍線部の語の活用形として正しいものを選べ。,をかし鳴くさまは、<あてに>をかしきげなる人と見えて、うちおどろきたれば、この猫の声にてありつるが、,未然形,已然形,連体形,連用形,連用形
Q00333,形容詞/形容動詞,形容動詞,傍線部の語の活用形として正しいものを選べ。,なほ所々は、うちこぼれつつ<あはれげに>咲きわたれり。,已然形,未然形,連用形,終止形,連用形
Q00335,形容詞/形容動詞,形容動詞,傍線部の語の活用形として正しいものを選べ。,「<あはれなり>つる心のほどなむ、忘れむ世あるまじき」,終止形,已然形,未然形,連用形,連用形
Q00336,形容詞/形容動詞,形容動詞,傍線部の語の活用形として正しいものを選べ。,言ふに従ひて、出だし立つる心ばへも<あはれなり>。,終止形,已然形,連体形,未然形,終止形
Q00337,形容詞/形容動詞,形容動詞,傍線部の語の活用形として正しいものを選べ。,山の陰恐ろしき前近う見えて、恐ろしう<あはれなる>夕暮、水鶏恐ろしう鳴く。,連体形,已然形,未然形,連用形,連体形
Q00338,形容詞/形容動詞,形容動詞,傍線部の語の活用形として正しいものを選べ。,甥どもなど、一所にて朝夕見るに、かう<あはれに>論なくことの後は所々になりなどして、,終止形,連用形,連体形,未然形,連用形
Q00339,形容詞/形容動詞,形容動詞,傍線部の語の活用形として正しいものを選べ。,東の山際は比叡の山よりして、稲荷などいふ山まで<あらはに>見えわたり、,連用形,已然形,未然形,終止形,連用形
Q00340,形容詞/形容動詞,形容動詞,傍線部の語の活用形として正しいものを選べ。,浪いみじうて入江の<いたづらなる>洲どもに、ことものもなく松原の茂れる中より浪の寄せ返るも、色々の玉のやうに見え、,連用形,連体形,未然形,終止形,連体形
Q00342,形容詞/形容動詞,形容動詞,傍線部の語の活用形として正しいものを選べ。,顔をうちまもりつつ、をかし鳴くも、心のなし、目の<うちつけに>、例の猫にはあらず、聞き知り顔にあはれなり。,連体形,未然形,已然形,連用形,連用形
Q00343,形容詞/形容動詞,形容動詞,傍線部の語の活用形として正しいものを選べ。,関いみじなりて、山づらに<かりそめなる>きりかけといふものしたる上より、丈六の仏の、いまだ荒造りにおはするが、顔ばかり見やられたり。,已然形,連体形,連用形,終止形,連体形
Q00345,形容詞/形容動詞,形容動詞,傍線部の語の活用形として正しいものを選べ。,帰りて夕日<けざやかに>さしたるに、,連用形,終止形,未然形,連体形,連用形
Q00346,形容詞/形容動詞,形容動詞,傍線部の語の活用形として正しいものを選べ。,十月ばかりの紅葉、四方の山辺よりも<けに>をかしをかし、錦をひけるやうなるに、,連用形,連体形,已然形,未然形,連用形
Q00347,形容詞/形容動詞,形容動詞,傍線部の語の活用形として正しいものを選べ。,世の中のあはれなることどもなど、<こまやかに>言ひ出でて、,連用形,連体形,終止形,未然形,連用形
Q00348,形容詞/形容動詞,形容動詞,傍線部の語の活用形として正しいものを選べ。,冬になりて、月なく雪も降らずながら、星の光に、空<さすがに>白く冴えわたりたる夜のかぎり、,連体形,終止形,連用形,未然形,連用形
Q00349,形容詞/形容動詞,形容動詞,傍線部の語の活用形として正しいものを選べ。,<さだかに>は見えたまはず、霧ひとへ隔たれるやうに、すきて見えたまふを、せめて絶え間に見たてまつれば、,終止形,未然形,連用形,連体形,連用形
Q00350,形容詞/形容動詞,形容動詞,傍線部の語の活用形として正しいものを選べ。,みつさかの山の麓に、昼夜、時雨、霰降り乱れて、日の光も<さやかなら>ず、いみじくいみじう。,已然形,終止形,未然形,連用形,未然形
Q00351,形容詞/形容動詞,形容動詞,傍線部の語の活用形として正しいものを選べ。,また秋になりて、月頼もしく頼もしに、空は霧りわたりたれど、手にとるばかり<さやかに>澄みわたりたるに、,終止形,連体形,已然形,連用形,連用形
Q00352,形容詞/形容動詞,形容動詞,傍線部の語の活用形として正しいものを選べ。,とあるを見る心地、言へば<さらなり>。,已然形,連用形,連体形,終止形,終止形
Q00353,形容詞/形容動詞,形容動詞,傍線部の語の活用形として正しいものを選べ。,「今の世の人は、さのみこそは出で立て。さてもおのづからよきためしもあり。さても心見よ」といふ人びとありて、<しぶしぶに>出だしたてらる。,已然形,未然形,終止形,連用形,連用形
Q00354,形容詞/形容動詞,形容動詞,傍線部の語の活用形として正しいものを選べ。,<しめやかなる>夕暮れを、おしはかりて参りたりけるに、近くければ、まかづめり。,未然形,連用形,已然形,連体形,連体形
Q00355,形容詞/形容動詞,形容動詞,傍線部の語の活用形として正しいものを選べ。,あの人がらも、いと<すくよかに>、世の常ならぬ人にて、「その人は、かの人は」なども、尋ね問はで過ぎぬ。,終止形,連用形,已然形,連体形,連用形
Q00356,形容詞/形容動詞,形容動詞,傍線部の語の活用形として正しいものを選べ。,われはいと若人にあるべきにもあらず、また大人にせらるべきおぼえもなく、時々のまらうとにさし放たれて、<すずろなる>やうなれど、ひとへにそなた一つを頼むべきならねば、,終止形,未然形,已然形,連体形,連体形
Q00357,形容詞/形容動詞,形容動詞,傍線部の語の活用形として正しいものを選べ。,同じ折亡くなりたまひし侍従の大納言の御むすめの手を見つつ、<すずろに>あはれなるに、,連用形,終止形,已然形,連体形,連用形
Q00358,形容詞/形容動詞,形容動詞,傍線部の語の活用形として正しいものを選べ。,また語らふ人の上にものしたまふをたびたび呼び下ろすに、「<せちに>ことあらば行かむ」とあるに、枯れたる薄のあるにつけて、,終止形,連体形,連用形,已然形,連用形
Q00359,形容詞/形容動詞,形容動詞,傍線部の語の活用形として正しいものを選べ。,<つれづれなる>ひるま、よひゐなどに、,已然形,連体形,未然形,終止形,連体形
Q00360,形容詞/形容動詞,形容動詞,傍線部の語の活用形として正しいものを選べ。,ののしり満ちて下りぬる後、ゆかしく<つれづれなれ>ど、いといたうゆかしくほどならずと聞けば、,終止形,未然形,連用形,已然形,已然形
Q00361,形容詞/形容動詞,形容動詞,傍線部の語の活用形として正しいものを選べ。,「<なかなかに>艶に高く夜かな。月の高く高うむも高たぐひなくぬべかりけり」。,連用形,已然形,終止形,未然形,連用形
Q00362,形容詞/形容動詞,形容動詞,傍線部の語の活用形として正しいものを選べ。,<ねむごろに>語らふ人の、かうて後訪れぬに、,連体形,終止形,已然形,連用形,連用形
Q00363,形容詞/形容動詞,形容動詞,傍線部の語の活用形として正しいものを選べ。,うらうらと<のどかなる>宮にて、珍し心なる人、三人ばかり物語りなどして、,已然形,未然形,連用形,連体形,連体形
Q00365,形容詞/形容動詞,形容動詞,傍線部の語の活用形として正しいものを選べ。,「今は宿とれ」とて、人びとあかれて宿求むる、所<はしたに>て、「いと残りなくげなる下衆の小家なむある」と言ふに、「いかがはせむ」とて、そこに宿りぬ。,終止形,已然形,連体形,連用形,連用形
Q00366,形容詞/形容動詞,形容動詞,傍線部の語の活用形として正しいものを選べ。,憂き泣き暮らして見出だしたれば、夕日のいと<はなやかに>さしたるに、桜の花憂き散り乱る。,連用形,未然形,終止形,連体形,連用形
Q00367,形容詞/形容動詞,形容動詞,傍線部の語の活用形として正しいものを選べ。,<はるかに>ははさうなどいふ所の廊の跡の礎などあり。,連用形,連体形,未然形,已然形,連用形
Q00368,形容詞/形容動詞,形容動詞,傍線部の語の活用形として正しいものを選べ。,げにいかに出で立ちし道なりともおぼゆれど、<ひたぶるに>仏を念じたてまつりて、宇治の渡りに行き着きぬ。,已然形,連用形,連体形,未然形,連用形
Q00369,形容詞/形容動詞,形容動詞,傍線部の語の活用形として正しいものを選べ。,雪うち散りつつ、心細心ぼそく、冴え凍る暁方の月の、<ほのかに>心細掻練の袖に映れるも、げに濡るる顔なり。,終止形,連用形,已然形,連体形,連用形
Q00370,形容詞/形容動詞,形容動詞,傍線部の語の活用形として正しいものを選べ。,と<まめやかに>言ふ人、一人ぞある。,已然形,未然形,終止形,連用形,連用形
Q00371,形容詞/形容動詞,形容動詞,傍線部の語の活用形として正しいものを選べ。,明かき明かきままに、等身に薬師仏をつくりて、手あらひなどして、人まに<みそかに>入りつつ、「京に明かうあげたまひて、物語の明かきはべるなる、あるかぎり見せたまへ」と身を捨てて、額をつき祈りまうすほどに、,終止形,連体形,已然形,連用形,連用形
Q00372,形容詞/形容動詞,形容動詞,傍線部の語の活用形として正しいものを選べ。,石上もまことに古りにけること、思ひやられて、<むげに>荒れはてにけり。,連体形,已然形,終止形,連用形,連用形
Q00373,形容詞/形容動詞,形容動詞,傍線部の語の活用形として正しいものを選べ。,<むごに>え渡らで、つくづくと見るに、,連用形,已然形,未然形,連体形,連用形
Q00374,形容詞/形容動詞,形容動詞,傍線部の語の活用形として正しいものを選べ。,<めづらかなる>ことにさぶらふ,終止形,連体形,連用形,未然形,連体形
Q00375,形容詞/形容動詞,形容動詞,傍線部の語の活用形として正しいものを選べ。,「大納言殿の姫君」と呼びしかば、聞き知り顔に鳴きて歩み来などせしかば、父なりし人も「<めづらかに>あはれなることなり。大納言に申さむ」などありしほどに、,未然形,連用形,連体形,已然形,連用形
Q00376,形容詞/形容動詞,形容動詞,傍線部の語の活用形として正しいものを選べ。,山のなからばかりの、木の下の<わづかなる>に、葵のただ三筋ばかりあるを、世ばなれてかかる山中にしも生ひけむよと、人びとあはれがる。,連用形,連体形,未然形,終止形,連体形
Q00378,形容詞/形容動詞,形容動詞,傍線部の語の活用形として正しいものを選べ。,わが身一つならば、<安らかなら>ましを、,終止形,已然形,連体形,未然形,未然形
Q00379,形容詞/形容動詞,形容動詞,傍線部の語の活用形として正しいものを選べ。,いま片つ方に映れる影を見せたまへば、御簾ども<青やかに>、几帳おし出でたる下より色々の衣こぼれ出で、梅桜咲きたるに、鴬木伝ひ鳴きたるを見せて、,連用形,已然形,未然形,連体形,連用形
Q00380,形容詞/形容動詞,形容動詞,傍線部の語の活用形として正しいものを選べ。,えもいはず<大きなる>石の四方なる中に、穴のあきたる中より出づる水のいみじくいみじうこといみじく。,終止形,連用形,連体形,已然形,連体形
Q00381,形容詞/形容動詞,形容動詞,傍線部の語の活用形として正しいものを選べ。,広々と荒れたる所の、過ぎ来つる山々にも劣らず、<大きに>いみじうげなる深山木どものやうにて、都の内とも見えぬ所のさまなり。,連体形,已然形,未然形,連用形,連用形
Q00382,形容詞/形容動詞,形容動詞,傍線部の語の活用形として正しいものを選べ。,「<平らかに>あひ見せたまへ」と申すは、仏もあはれと聞き入れさせたまひけむかし。,終止形,連用形,已然形,未然形,連用形
Q00383,形容詞/形容動詞,形容動詞,傍線部の語の活用形として正しいものを選べ。,今はひとへに<豊かなる>いきほひになりて、,未然形,終止形,連体形,連用形,連体形
Q00384,形容詞/形容動詞,形容動詞,傍線部の語の活用形として正しいものを選べ。,さべき人々、物語りしつつ月をながむるに、梅壺の女御の上らせたまふなる音なひ、しげかり白き<優なる>にも、,終止形,未然形,連体形,連用形,連体形
Q00385,形容詞/形容動詞,形容動詞,傍線部の語の活用形として正しいものを選べ。,親からうじて、<遥かに>かしがましく東になりて、,連体形,終止形,未然形,連用形,連用形
Q00386,助動詞,助動詞①,傍線部の語の活用形として正しいものを選べ。,「その夜この浦を出でさせたまひて、石津に着か<せ>たまへらましかば、,連用形,命令形,終止形,已然形,連用形
Q00387,助動詞,助動詞①,傍線部の語の活用形として正しいものを選べ。,「稲荷より賜ふしるしの杉よ」とて投げ出で<られ>しを、,已然形,連用形,連体形,終止形,連用形
Q00388,助動詞,助動詞①,傍線部の語の活用形として正しいものを選べ。,「硯の水の凍れば、みな閉ぢ<られ>てとどめつ」と言ひたるに、,命令形,連用形,連体形,未然形,連用形
Q00389,助動詞,助動詞①,傍線部の語の活用形として正しいものを選べ。,「平らかにあひ見せたまへ」と申すは、仏もあはれと聞き入れ<させ>たまひけむかし。,未然形,連用形,已然形,連体形,連用形
Q00390,助動詞,助動詞①,傍線部の語の活用形として正しいものを選べ。,『子偲びの森となむ申す』と答へたりしが、身によそへ<られ>ていみじく悲しかりしかば、,命令形,終止形,連用形,已然形,連用形
Q00391,助動詞,助動詞①,傍線部の語の活用形として正しいものを選べ。,あはれに思ひ出でられなどして、心もそらにながめ暮らさ<る>。,終止形,命令形,未然形,連用形,終止形
Q00392,助動詞,助動詞①,傍線部の語の活用形として正しいものを選べ。,いかで琵琶の音のおぼゆるかぎり弾きて聞か<せ>むとなむある」と聞くに、,未然形,命令形,終止形,連体形,未然形
Q00393,助動詞,助動詞①,傍線部の語の活用形として正しいものを選べ。,いかになびくならむと、いみじうゆかしく思さ<れ>ければ、,連用形,終止形,命令形,已然形,連用形
Q00394,助動詞,助動詞①,傍線部の語の活用形として正しいものを選べ。,いづくより来つる猫ぞと見るに、姉なる人、「あなかま、人に聞か<す>な。,連体形,連用形,終止形,命令形,終止形
Q00395,助動詞,助動詞①,傍線部の語の活用形として正しいものを選べ。,いと口惜しく思ひ嘆か<るる>に、をばなる人の田舎より上りたる所にわたいたれば、,未然形,連体形,連用形,已然形,連体形
Q00396,助動詞,助動詞①,傍線部の語の活用形として正しいものを選べ。,いま一かへり、われに言ひて聞か<せよ>』と、仰せられければ、,連用形,未然形,命令形,連体形,命令形
Q00397,助動詞,助動詞①,傍線部の語の活用形として正しいものを選べ。,いみじくあはれに山の方は小暗く、滝の音も似るものなくのみ眺め<られ>て、,已然形,連用形,命令形,未然形,連用形
Q00398,助動詞,助動詞①,傍線部の語の活用形として正しいものを選べ。,うひうひしき里人は、ありなしをだに知ら<る>べきにもあらぬに、,終止形,未然形,連体形,已然形,終止形
Q00399,助動詞,助動詞①,傍線部の語の活用形として正しいものを選べ。,え率て参らぬかはりにとて、僧を出だし立てて、初瀬に詣で<さす>めり。,連体形,終止形,命令形,已然形,終止形
Q00400,助動詞,助動詞①,傍線部の語の活用形として正しいものを選べ。,かかへ来るにつけても、住みなれし古里限りなく思ひ出で<らる>。,連用形,未然形,連体形,終止形,終止形
Q00401,助動詞,助動詞①,傍線部の語の活用形として正しいものを選べ。,かしまみて鳴戸の浦に漕が<れ>出づる心はえきや磯の海人,命令形,連用形,連体形,終止形,連用形
Q00402,助動詞,助動詞①,傍線部の語の活用形として正しいものを選べ。,このごろの世の人は十七八よりこそ経読み、行ひもすれ、さること思ひかけ<られ>ず。,終止形,未然形,連用形,連体形,未然形
Q00403,助動詞,助動詞①,傍線部の語の活用形として正しいものを選べ。,この若き人びと大人び<させ>むと思ふよりほかの事なきに、,連用形,連体形,未然形,已然形,未然形
Q00404,助動詞,助動詞①,傍線部の語の活用形として正しいものを選べ。,この人のあべからむさま、夢に見せたまへ」など言ひて、詣で<さする>なめり。,已然形,連用形,連体形,終止形,連体形
Q00405,助動詞,助動詞①,傍線部の語の活用形として正しいものを選べ。,この男罪し、掠ぜ<られ>ば、我はいかであれと。,已然形,終止形,未然形,命令形,未然形
Q00406,助動詞,助動詞①,傍線部の語の活用形として正しいものを選べ。,これ手本にせよとて、この姫君の御手を取ら<せ>たりしを、,命令形,已然形,連体形,連用形,連用形
Q00407,助動詞,助動詞①,傍線部の語の活用形として正しいものを選べ。,さても心見よ」といふ人びとありて、しぶしぶに出だしたて<らる>。,未然形,命令形,已然形,終止形,終止形
Q00408,助動詞,助動詞①,傍線部の語の活用形として正しいものを選べ。,しげかりし憂き世の事も忘ら<れ>ず入相の鐘の心細さに,已然形,未然形,終止形,連用形,未然形
Q00409,助動詞,助動詞①,傍線部の語の活用形として正しいものを選べ。,しげり行く蓬が露にそほちつつ人に訪は<れ>ぬ音をのみぞ泣く,連用形,連体形,已然形,未然形,未然形
Q00410,助動詞,助動詞①,傍線部の語の活用形として正しいものを選べ。,すべきやうもなくて、さすがに、若い人にひか<れ>て、折々さし出づるにも、,命令形,已然形,連体形,連用形,連用形
Q00411,助動詞,助動詞①,傍線部の語の活用形として正しいものを選べ。,そのほどは精進せ<さす>。,已然形,未然形,終止形,連体形,終止形
Q00412,助動詞,助動詞①,傍線部の語の活用形として正しいものを選べ。,それにも例の癖は、まことしかべいことも思ひ申さ<れ>ず。,已然形,未然形,終止形,連用形,未然形
Q00413,助動詞,助動詞①,傍線部の語の活用形として正しいものを選べ。,とぞ見やら<るる>。,連体形,已然形,未然形,連用形,連体形
Q00414,助動詞,助動詞①,傍線部の語の活用形として正しいものを選べ。,とどめむとは思ひよることにもあらず」と、夜昼嘆か<るる>を聞く心地、,已然形,命令形,連体形,連用形,連体形
Q00415,助動詞,助動詞①,傍線部の語の活用形として正しいものを選べ。,まかでてまたの日、つれづれなるままに恋しう思ひ出で<らるれ>ば、,未然形,已然形,連体形,連用形,已然形
Q00416,助動詞,助動詞①,傍線部の語の活用形として正しいものを選べ。,またいと寒くなどして、ことに見<られ>ざりしを、斎宮の御裳着の勅使にて下りしに、,未然形,命令形,連用形,已然形,未然形
Q00417,助動詞,助動詞①,傍線部の語の活用形として正しいものを選べ。,ものさわがしくて、この猫を北面にのみあら<せ>て呼ばねば、,終止形,未然形,連用形,已然形,連用形
Q00418,助動詞,助動詞①,傍線部の語の活用形として正しいものを選べ。,やがてその折の空のけしきも、月も花も、心にそめ<らるる>にこそあべかめれ。,未然形,連体形,連用形,命令形,連体形
Q00419,助動詞,助動詞①,傍線部の語の活用形として正しいものを選べ。,わざと召して、「若い人参ら<せよ>」と仰せらるれば、えさらず出だしたつるにひかされて、,終止形,未然形,命令形,已然形,命令形
Q00420,助動詞,助動詞①,傍線部の語の活用形として正しいものを選べ。,わざと召して、「若い人参らせよ」と仰せ<らるれ>ば、えさらず出だしたつるにひかされて、,已然形,未然形,連体形,終止形,已然形
Q00421,助動詞,助動詞①,傍線部の語の活用形として正しいものを選べ。,われはいと若人にあるべきにもあらず、また大人にせ<らる>べきおぼえもなく、,命令形,未然形,終止形,連用形,終止形
Q00422,助動詞,助動詞①,傍線部の語の活用形として正しいものを選べ。,をさなくよりいみじくあはれと思ひわたるに、ましていはむ方なくあはれ悲しと思ひ嘆か<る>。,已然形,連体形,終止形,連用形,終止形
Q00423,助動詞,助動詞①,傍線部の語の活用形として正しいものを選べ。,逢坂の関を見るにも、昔越えしも冬ぞかしと思ひ出で<らるる>に、,連用形,連体形,終止形,已然形,連体形
Q00424,助動詞,助動詞①,傍線部の語の活用形として正しいものを選べ。,庵なども浮きぬばかりに雨降りなどすれば、おそろしくて、寝も寝<られ>ず。,未然形,連用形,連体形,已然形,未然形
Q00425,助動詞,助動詞①,傍線部の語の活用形として正しいものを選べ。,庵の前にからかさをささ<せ>て据ゑたり。,連用形,連体形,命令形,未然形,連用形
Q00426,助動詞,助動詞①,傍線部の語の活用形として正しいものを選べ。,花紅葉の思ひもみな忘れて悲しく、いみじく思ひ嘆か<るれ>ど、,終止形,未然形,已然形,連用形,已然形
Q00427,助動詞,助動詞①,傍線部の語の活用形として正しいものを選べ。,古代の親は、宮仕へ人はいと憂きことなりと思ひて過ぐさ<する>を、,命令形,未然形,連用形,連体形,連体形
Q00428,助動詞,助動詞①,傍線部の語の活用形として正しいものを選べ。,国の人びと集まり来て、「その夜この浦を出で<させ>たまひて、,終止形,連用形,命令形,已然形,連用形
Q00429,助動詞,助動詞①,傍線部の語の活用形として正しいものを選べ。,親の物へ率て参りなどせでやみにしも、もどかしく思ひ出で<らるれ>ば、,連用形,未然形,已然形,終止形,已然形
Q00430,助動詞,助動詞①,傍線部の語の活用形として正しいものを選べ。,人びと興じて、舟にさしつけ<させ>たり。,命令形,連体形,終止形,連用形,連用形
Q00431,助動詞,助動詞①,傍線部の語の活用形として正しいものを選べ。,生けらむ世のかぎり、武蔵の国を預けとらせて、公事もなさ<せ>じ。,終止形,未然形,已然形,命令形,未然形
Q00432,助動詞,助動詞①,傍線部の語の活用形として正しいものを選べ。,先駆ふ車止まりて、「荻の葉、荻の葉」と呼ば<すれ>ど、答へざなり。,已然形,連用形,命令形,未然形,已然形
Q00433,助動詞,助動詞①,傍線部の語の活用形として正しいものを選べ。,誰れに見せ誰れに聞か<せ>む山里のこの暁もをちかへる音も,未然形,連用形,終止形,命令形,未然形
Q00434,助動詞,助動詞①,傍線部の語の活用形として正しいものを選べ。,竹のもと近くて風の音に目のみ覚めて、うちとけて寝<られ>ぬころ、,連用形,未然形,命令形,終止形,未然形
Q00435,助動詞,助動詞①,傍線部の語の活用形として正しいものを選べ。,母、一尺の鏡を鋳<させ>て、え率て参らぬかはりにとて、,終止形,已然形,未然形,連用形,連用形
Q00436,助動詞,助動詞②,傍線部の語の活用形として正しいものを選べ。,「硯の水の凍れば、みな閉ぢられてとどめ<つ>」と言ひたるに、,終止形,連用形,已然形,命令形,終止形
Q00437,助動詞,助動詞②,傍線部の語の活用形として正しいものを選べ。,『あの男、こち寄れ』と、召し<けれ>ば、かしこまりて、,連用形,連体形,已然形,終止形,已然形
Q00438,助動詞,助動詞②,傍線部の語の活用形として正しいものを選べ。,あづまぢの道のはてよりも、なほおくつかたに生ひ出<て>たる人、,未然形,連用形,命令形,已然形,連用形
Q00439,助動詞,助動詞②,傍線部の語の活用形として正しいものを選べ。,あづまぢの道のはてよりも、なほおくつかたに生ひ出て<たる>人、,連体形,連用形,已然形,命令形,連体形
Q00440,助動詞,助動詞②,傍線部の語の活用形として正しいものを選べ。,あなたの岸に車ひき立てて、送りに来<つる>人びと、これよりみな帰りぬ。,命令形,連体形,連用形,已然形,連体形
Q00441,助動詞,助動詞②,傍線部の語の活用形として正しいものを選べ。,いかになびくならむと、いみじうゆかしく思され<けれ>ば、,未然形,連用形,已然形,終止形,已然形
Q00442,助動詞,助動詞②,傍線部の語の活用形として正しいものを選べ。,いかばかりかはあやしかりけむを、いかにおもひはじめ<ける>ことにか、,未然形,連用形,連体形,命令形,連体形
Q00443,助動詞,助動詞②,傍線部の語の活用形として正しいものを選べ。,いといふかひなく、詣で仕うまつることもなくてやみに<き>。,命令形,終止形,已然形,連体形,終止形
Q00444,助動詞,助動詞②,傍線部の語の活用形として正しいものを選べ。,かきくらし降るに、境を出でて、下総の国のいかだといふ所に泊まり<ぬ>。,未然形,終止形,連用形,命令形,終止形
Q00445,助動詞,助動詞②,傍線部の語の活用形として正しいものを選べ。,かき流すあとはつららに閉ぢ<て>けり何を忘れぬ形見とか見む,未然形,終止形,連体形,連用形,連用形
Q00446,助動詞,助動詞②,傍線部の語の活用形として正しいものを選べ。,かしこまりて、高欄のつらに参りたり<けれ>ば、『言ひつること、,命令形,連体形,連用形,已然形,已然形
Q00447,助動詞,助動詞②,傍線部の語の活用形として正しいものを選べ。,かたがた見つつ、ここを立ち<な>むこともあはれに悲しきに、,未然形,連体形,已然形,連用形,未然形
Q00448,助動詞,助動詞②,傍線部の語の活用形として正しいものを選べ。,かやうに明くるまで眺めあかいて、夜明けてぞみな人寝<ぬる>。,命令形,連体形,未然形,終止形,連体形
Q00449,助動詞,助動詞②,傍線部の語の活用形として正しいものを選べ。,この宮をかき負ひたてまつりて、七日七夜といふに、武蔵の国に行き着き<に>けり。,已然形,連用形,終止形,連体形,連用形
Q00450,助動詞,助動詞②,傍線部の語の活用形として正しいものを選べ。,この宮をかき負ひたてまつりて、七日七夜といふに、武蔵の国に行き着きに<けり>。,終止形,未然形,連用形,連体形,終止形
Q00451,助動詞,助動詞②,傍線部の語の活用形として正しいものを選べ。,この男の家ゆかしくて、率て行けと言ひ<しか>ば、率て来たり。,已然形,命令形,連用形,未然形,已然形
Q00452,助動詞,助動詞②,傍線部の語の活用形として正しいものを選べ。,さだかには見えたまはず、霧ひとへ隔たれ<る>やうに、すきて見えたまふを、,連用形,未然形,終止形,連体形,連体形
Q00453,助動詞,助動詞②,傍線部の語の活用形として正しいものを選べ。,にしとみといふ所の山、絵よく描き<たら>む屏風を立て並べたらむやうなり。,命令形,連体形,未然形,連用形,未然形
Q00454,助動詞,助動詞②,傍線部の語の活用形として正しいものを選べ。,ひきぬのを千むら万むら織らせ、晒させ<ける>が家の跡とて、,命令形,連体形,終止形,未然形,連体形
Q00455,助動詞,助動詞②,傍線部の語の活用形として正しいものを選べ。,わが身よりも高うもてなしかしづきて見むとこそ思ひ<つれ>。,連用形,終止形,連体形,已然形,已然形
Q00456,助動詞,助動詞②,傍線部の語の活用形として正しいものを選べ。,我が生ひ出で<し>国にては、西面に見えし山なり。,連体形,未然形,終止形,命令形,連体形
Q00457,助動詞,助動詞②,傍線部の語の活用形として正しいものを選べ。,額をつきし薬師仏の立ちたまへるを、見捨てたてまつる悲しくて、人知れずうち泣かれ<ぬ>。,連用形,已然形,命令形,終止形,終止形
Q00458,助動詞,助動詞②,傍線部の語の活用形として正しいものを選べ。,京とても、頼もしう迎へとり<て>むと思ふ類、親族もなし。,連用形,已然形,未然形,命令形,未然形
Q00459,助動詞,助動詞②,傍線部の語の活用形として正しいものを選べ。,言ひ知らずをかしげにめでたく書きたまへ<る>を見て、いとど涙を添へまさる。,連体形,命令形,未然形,已然形,連体形
Q00460,助動詞,助動詞②,傍線部の語の活用形として正しいものを選べ。,行かまほしくおもふに、兄なる人抱きて率て行き<たり>。,命令形,已然形,連体形,終止形,終止形
Q00461,助動詞,助動詞②,傍線部の語の活用形として正しいものを選べ。,高欄のつらに参りたりければ、『言ひ<つる>こと、いま一かへり、,已然形,連用形,連体形,未然形,連体形
Q00462,助動詞,助動詞②,傍線部の語の活用形として正しいものを選べ。,国にたち遅れたる人びと待つとて、そこに日を暮らし<つ>。,命令形,終止形,已然形,未然形,終止形
Q00463,助動詞,助動詞②,傍線部の語の活用形として正しいものを選べ。,国の人のあり<ける>を、火焚き屋の火焚く衛士にさしたてまつりたりけるに、,連用形,命令形,連体形,已然形,連体形
Q00464,助動詞,助動詞②,傍線部の語の活用形として正しいものを選べ。,今宵宿らむも中間に、汐満ち来<な>ば、ここをも過ぎじとあるかぎり走りまどひ過ぎぬ。,命令形,未然形,終止形,已然形,未然形
Q00465,助動詞,助動詞②,傍線部の語の活用形として正しいものを選べ。,思ふこと心にかなふ身なり<せ>ば秋の別れを深く知らまし,未然形,終止形,已然形,連用形,未然形
Q00466,助動詞,助動詞②,傍線部の語の活用形として正しいものを選べ。,時ならず降る雪かとぞ眺めまし花橘の薫らざり<せ>ば,命令形,終止形,連体形,未然形,未然形
Q00467,助動詞,助動詞②,傍線部の語の活用形として正しいものを選べ。,車に乗るとて、うち見やり<たれ>ば、人まにはまゐりつつ、,未然形,連用形,已然形,終止形,已然形
Q00468,助動詞,助動詞②,傍線部の語の活用形として正しいものを選べ。,舟にて渡り<ぬれ>ば、相模の国になりぬ。,已然形,連用形,連体形,終止形,已然形
Q00469,助動詞,助動詞②,傍線部の語の活用形として正しいものを選べ。,十月晦方にあからさまに来て見れば、小暗う茂れ<り>し木の葉ども残りなく散り乱れて、,已然形,連体形,命令形,連用形,連用形
Q00470,助動詞,助動詞②,傍線部の語の活用形として正しいものを選べ。,出でしままに稲荷に詣で<たら>ましかば、かからずやあらまし。,終止形,已然形,連用形,未然形,未然形
Q00471,助動詞,助動詞②,傍線部の語の活用形として正しいものを選べ。,上り着き<たり>し時、これ手本にせよとて、この姫君の御手を取らせたりしを、,連用形,終止形,未然形,命令形,連用形
Q00472,助動詞,助動詞②,傍線部の語の活用形として正しいものを選べ。,親族なる人、尼になりて修学院に入り<ぬる>に、冬ごろ、,連体形,未然形,終止形,連用形,連体形
Q00473,助動詞,助動詞②,傍線部の語の活用形として正しいものを選べ。,人にも語らず、何とも思はでやみ<ぬる>、いといふかひなし。,連用形,連体形,已然形,終止形,連体形
Q00474,助動詞,助動詞②,傍線部の語の活用形として正しいものを選べ。,人まにはまゐりつつ、額をつき<し>薬師仏の立ちたまへるを、,終止形,連体形,命令形,連用形,連体形
Q00475,助動詞,助動詞②,傍線部の語の活用形として正しいものを選べ。,昔の門の柱のまだ残りたるとて、大きなる柱、河の中に四つ立て<り>。,終止形,連用形,未然形,命令形,終止形
Q00476,助動詞,助動詞②,傍線部の語の活用形として正しいものを選べ。,昔下総の国にまのしてらといふ人住み<けり>。,未然形,連体形,連用形,終止形,終止形
Q00477,助動詞,助動詞②,傍線部の語の活用形として正しいものを選べ。,竹芝の男に、生け<ら>む世のかぎり、武蔵の国を預けとらせて、,終止形,未然形,連体形,已然形,未然形
Q00478,助動詞,助動詞②,傍線部の語の活用形として正しいものを選べ。,乳母なる人は男などもなくなして、境にて子産みたり<しか>ば、,命令形,已然形,連用形,連体形,已然形
Q00479,助動詞,助動詞②,傍線部の語の活用形として正しいものを選べ。,年ごろあそびなれ<つる>所を、あらはにこほち散らして、,命令形,連体形,連用形,終止形,連体形
Q00480,助動詞,助動詞②,傍線部の語の活用形として正しいものを選べ。,飛ぶやうに逃げける』と申し出でて、この男を尋ぬるに、なかり<けり>。,連体形,已然形,終止形,命令形,終止形
Q00481,助動詞,助動詞②,傍線部の語の活用形として正しいものを選べ。,浜名の橋下りし時は黒木をわたし<たり>し。,連体形,終止形,已然形,連用形,連用形
Q00482,助動詞,助動詞②,傍線部の語の活用形として正しいものを選べ。,文や添ひたりし』と問ひたまへば、かしこまりて、『文もさぶらはざり<き>。,命令形,終止形,連用形,未然形,終止形
Q00483,助動詞,助動詞②,傍線部の語の活用形として正しいものを選べ。,母亡くなり<に>し姪どもも、生まれしより一つにて、夜は左右に臥し起きするも、,未然形,連用形,連体形,已然形,連用形
Q00484,助動詞,助動詞②,傍線部の語の活用形として正しいものを選べ。,夜更くるまて物語を読みて起きゐたれば、来<つ>らむ方も見えぬに、,已然形,終止形,連体形,未然形,終止形
Q00485,助動詞,助動詞②,傍線部の語の活用形として正しいものを選べ。,野中に、丘だちたる所に、ただ木ぞ三つ立て<る>。,連体形,已然形,終止形,未然形,連体形
Q00486,助動詞,助動詞③,傍線部の語の活用形として正しいものを選べ。,「三日さぶらひて、この人のあ<べから>むさま、夢に見せたまへ」など言ひて、,終止形,未然形,命令形,連用形,未然形
Q00487,助動詞,助動詞③,傍線部の語の活用形として正しいものを選べ。,「平らかにあひ見せたまへ」と申すは、仏もあはれと聞き入れさせたまひ<けむ>かし。,連体形,終止形,未然形,連用形,終止形
Q00488,助動詞,助動詞③,傍線部の語の活用形として正しいものを選べ。,いたく人にも見知られむにも、はばかりあん<べけれ>ば、,命令形,已然形,未然形,終止形,已然形
Q00489,助動詞,助動詞③,傍線部の語の活用形として正しいものを選べ。,いとどゆかしさまされど、わがおもふままに、そらにいかでか、おぼえ語ら<む>。,連用形,終止形,已然形,未然形,終止形
Q00490,助動詞,助動詞③,傍線部の語の活用形として正しいものを選べ。,かしこくおそろしと思ひけれど、さる<べき>にやありけむ、,已然形,連体形,命令形,終止形,連体形
Q00491,助動詞,助動詞③,傍線部の語の活用形として正しいものを選べ。,かしこくおそろしと思ひけれど、さるべきにやあり<けむ>、,已然形,連用形,連体形,未然形,連体形
Q00492,助動詞,助動詞③,傍線部の語の活用形として正しいものを選べ。,かたがた見つつ、ここを立ちな<む>こともあはれに悲しきに、,連体形,未然形,命令形,終止形,連体形
Q00493,助動詞,助動詞③,傍線部の語の活用形として正しいものを選べ。,これも前の世に、この国に跡をたる<べき>宿世こそありけめ。,未然形,連用形,終止形,連体形,連体形
Q00494,助動詞,助動詞③,傍線部の語の活用形として正しいものを選べ。,これも前の世に、この国に跡をたるべき宿世こそあり<けめ>。,連用形,連体形,已然形,命令形,已然形
Q00495,助動詞,助動詞③,傍線部の語の活用形として正しいものを選べ。,にしとみといふ所の山、絵よく描きたら<む>屏風を立て並べたらむやうなり。,已然形,連用形,連体形,未然形,連体形
Q00496,助動詞,助動詞③,傍線部の語の活用形として正しいものを選べ。,まどろまじ今宵ならではいつか見<む>くろとの浜の秋の夜の月,終止形,已然形,未然形,連体形,終止形
Q00497,助動詞,助動詞③,傍線部の語の活用形として正しいものを選べ。,やがて夢路にまどひてぞ思ふに、その人や見に<けむ>かし。,連体形,終止形,未然形,連用形,終止形
Q00498,助動詞,助動詞③,傍線部の語の活用形として正しいものを選べ。,葵のただ三筋ばかりあるを、世ばなれてかかる山中にしも生ひ<けむ>よと、,終止形,連体形,連用形,已然形,連体形
Q00499,助動詞,助動詞③,傍線部の語の活用形として正しいものを選べ。,暗く行き着く<べく>と、申の時ばかりにたちて行けば、関近くなりて、,終止形,連用形,未然形,已然形,連用形
Q00500,助動詞,助動詞③,傍線部の語の活用形として正しいものを選べ。,煙りあふにやあらむ、清見が関の浪も高くなりぬ<べし>。,終止形,已然形,連用形,未然形,終止形
Q00501,助動詞,助動詞③,傍線部の語の活用形として正しいものを選べ。,火をともして見れば、昔、こはたといひ<けむ>が孫といふ。,未然形,連体形,終止形,已然形,連体形
Q00502,助動詞,助動詞③,傍線部の語の活用形として正しいものを選べ。,京のうちにてさすらへむは例のこと、東の国、田舎人になりてまどはむ、いみじかる<べし>。,終止形,未然形,已然形,連体形,終止形
Q00503,助動詞,助動詞③,傍線部の語の活用形として正しいものを選べ。,五日かねては、見むもなかなかな<べけれ>ば、内にも入らず。,未然形,終止形,已然形,連体形,已然形
Q00504,助動詞,助動詞③,傍線部の語の活用形として正しいものを選べ。,御前の庭を掃くとて、『などや、苦しきめを見る<らむ>。,終止形,連用形,命令形,連体形,連体形
Q00505,助動詞,助動詞③,傍線部の語の活用形として正しいものを選べ。,今はこの宮を取り返し、都に返したてまつる<べき>にもあらず。,連体形,連用形,已然形,命令形,連体形
Q00506,助動詞,助動詞③,傍線部の語の活用形として正しいものを選べ。,山深く誰れか思ひはおこすべき月見る人はおほから<め>とも,已然形,連体形,連用形,終止形,已然形
Q00507,助動詞,助動詞③,傍線部の語の活用形として正しいものを選べ。,秋の夜の妻恋ひかぬる鹿の音は遠山にこそ聞く<べかり>けれ,連体形,終止形,連用形,已然形,連用形
Q00508,助動詞,助動詞③,傍線部の語の活用形として正しいものを選べ。,色白くきたなげなくて、さてもありぬべき下仕へなどにてもありぬ<べし>など、,命令形,終止形,連体形,未然形,終止形
Q00509,助動詞,助動詞③,傍線部の語の活用形として正しいものを選べ。,雪降りてまれの人目も絶えぬ<らむ>吉野の山の峰のかけ道,連体形,未然形,終止形,連用形,連体形
Q00510,助動詞,助動詞③,傍線部の語の活用形として正しいものを選べ。,稚児どもの親なる人は、「いかにもいかにも心にこそあら<め>」とて、,未然形,已然形,連用形,終止形,已然形
Q00511,助動詞,助動詞③,傍線部の語の活用形として正しいものを選べ。,竹芝の男に、生けら<む>世のかぎり、武蔵の国を預けとらせて、,命令形,連体形,連用形,已然形,連体形
Q00512,助動詞,助動詞③,傍線部の語の活用形として正しいものを選べ。,負ひたてまつりて下るに、論なく人追ひて来<らむ>と思ひて、,連体形,未然形,已然形,終止形,終止形
Q00513,助動詞,助動詞③,傍線部の語の活用形として正しいものを選べ。,夜更くるまて物語を読みて起きゐたれば、来つ<らむ>方も見えぬに、,命令形,已然形,連用形,連体形,連体形
Q00514,助動詞,助動詞③,傍線部の語の活用形として正しいものを選べ。,来<む>とありしを、さやあると目をかけて待ちわたるに、,連用形,終止形,連体形,命令形,終止形
Q00515,助動詞,助動詞③,傍線部の語の活用形として正しいものを選べ。,論なくもとの国にこそ行く<らめ>と、朝廷より使ひ下りて追ふに、,已然形,連体形,連用形,終止形,已然形
Q00516,助動詞,助動詞④,傍線部の語の活用形として正しいものを選べ。,「あはれなりつる心のほどなむ、忘れむ世ある<まじき>」など言ひて、,未然形,連用形,命令形,連体形,連体形
Q00517,助動詞,助動詞④,傍線部の語の活用形として正しいものを選べ。,「何しにおはしつるぞ」と問ひたまへば、「いかでかは参ら<ざら>む」と申せば、,已然形,連体形,未然形,終止形,未然形
Q00518,助動詞,助動詞④,傍線部の語の活用形として正しいものを選べ。,いづことも露のあはれは分れ<じ>を浅茅が原の秋ぞ恋しき,連用形,終止形,連体形,未然形,連体形
Q00519,助動詞,助動詞④,傍線部の語の活用形として正しいものを選べ。,いづこにも劣ら<じ>ものをわが宿の世を秋はつるけしきばかりは,連体形,命令形,已然形,連用形,連体形
Q00520,助動詞,助動詞④,傍線部の語の活用形として正しいものを選べ。,おもかげにおぼえて悲しければ、月の興もおぼえ<ず>、くんじ臥しぬ。,未然形,命令形,連用形,終止形,連用形
Q00521,助動詞,助動詞④,傍線部の語の活用形として正しいものを選べ。,かりそめの仮屋などいへど、風すく<まじく>ひきわたしなどしたるに、,連体形,命令形,已然形,連用形,連用形
Q00522,助動詞,助動詞④,傍線部の語の活用形として正しいものを選べ。,ことにをかしき所も見え<ず>、浜も砂子白くなどもなく、,已然形,終止形,連用形,命令形,連用形
Q00523,助動詞,助動詞④,傍線部の語の活用形として正しいものを選べ。,このたびは、跡だに見え<ね>ば、舟にて渡る。,已然形,連用形,終止形,命令形,已然形
Q00524,助動詞,助動詞④,傍線部の語の活用形として正しいものを選べ。,このたびはいと類広ければ、え宿る<まじう>て、野中にかりそめに庵造りて据ゑたれば、,已然形,連用形,未然形,連体形,連用形
Q00525,助動詞,助動詞④,傍線部の語の活用形として正しいものを選べ。,さばかりおそろしげなる山中に立ちて行くを、人びとあか<ず>思ひてみな泣くを、,命令形,連体形,已然形,連用形,連用形
Q00526,助動詞,助動詞④,傍線部の語の活用形として正しいものを選べ。,さやの中山など越えけむほどもおぼえ<ず>。,終止形,連体形,命令形,未然形,終止形
Q00527,助動詞,助動詞④,傍線部の語の活用形として正しいものを選べ。,その山のさま、いと世に見え<ぬ>さまなり。,未然形,連体形,已然形,連用形,連体形
Q00528,助動詞,助動詞④,傍線部の語の活用形として正しいものを選べ。,またまたも見まほしきに、ありもつか<ぬ>都のほとりに、,連体形,未然形,命令形,連用形,連体形
Q00529,助動詞,助動詞④,傍線部の語の活用形として正しいものを選べ。,まどろま<じ>今宵ならではいつか見むくろとの浜の秋の夜の月,終止形,連体形,命令形,已然形,終止形
Q00530,助動詞,助動詞④,傍線部の語の活用形として正しいものを選べ。,みるめ生ふる浦にあらずは荒磯の波間数ふる海人もあら<じ>を,終止形,連体形,連用形,已然形,連体形
Q00531,助動詞,助動詞④,傍線部の語の活用形として正しいものを選べ。,ものさわがしくて、この猫を北面にのみあらせて呼ば<ね>ば、,連体形,已然形,連用形,未然形,已然形
Q00532,助動詞,助動詞④,傍線部の語の活用形として正しいものを選べ。,庵なども浮きぬばかりに雨降りなどすれば、おそろしくて、寝も寝られ<ず>。,連体形,連用形,終止形,命令形,終止形
Q00533,助動詞,助動詞④,傍線部の語の活用形として正しいものを選べ。,覚め<ざら>ましをと、いとどながめられて、,未然形,已然形,終止形,連体形,未然形
Q00534,助動詞,助動詞④,傍線部の語の活用形として正しいものを選べ。,額をつきし薬師仏の立ちたまへるを、見捨てたてまつる悲しくて、人知れ<ず>うち泣かれぬ。,未然形,已然形,連体形,連用形,連用形
Q00535,助動詞,助動詞④,傍線部の語の活用形として正しいものを選べ。,朽ちもせ<ぬ>この河柱残らずは昔の跡をいかで知らまし,連体形,連用形,未然形,命令形,連体形
Q00536,助動詞,助動詞④,傍線部の語の活用形として正しいものを選べ。,空のけしきはかばかしくも見えず、えもいは<ず>茂りわたりて、,命令形,連体形,連用形,未然形,連用形
Q00537,助動詞,助動詞④,傍線部の語の活用形として正しいものを選べ。,今は世にあら<じ>ものとや思ふらむあはれ泣く泣くなほこそは経れ,連体形,已然形,連用形,終止形,連体形
Q00538,助動詞,助動詞④,傍線部の語の活用形として正しいものを選べ。,汐満ち来なば、ここをも過ぎ<じ>とあるかぎり走りまどひ過ぎぬ。,終止形,連体形,未然形,命令形,終止形
Q00539,助動詞,助動詞④,傍線部の語の活用形として正しいものを選べ。,人びともて興ずるに、「西国の遊女はえかから<じ>」などいふを聞きて、,終止形,連体形,連用形,已然形,終止形
Q00540,助動詞,助動詞④,傍線部の語の活用形として正しいものを選べ。,生けらむ世のかぎり、武蔵の国を預けとらせて、公事もなさせ<じ>。,連体形,已然形,終止形,未然形,終止形
Q00541,助動詞,助動詞④,傍線部の語の活用形として正しいものを選べ。,続きの見まほしくおぼゆれど、人語らひなどもえせ<ず>。,連体形,命令形,終止形,已然形,終止形
Q00542,助動詞,助動詞④,傍線部の語の活用形として正しいものを選べ。,大きにおそろしげなる深山木どものやうにて、都の内とも見え<ぬ>所のさまなり。,連用形,終止形,命令形,連体形,連体形
Q00543,助動詞,助動詞④,傍線部の語の活用形として正しいものを選べ。,朝廷より使ひ下りて追ふに、勢多の橋こほれて、え行きやら<ず>。,已然形,命令形,未然形,終止形,終止形
Q00544,助動詞,助動詞④,傍線部の語の活用形として正しいものを選べ。,風すくまじくひきわたしなどしたるに、これは男なども添は<ね>ば、,連用形,連体形,命令形,已然形,已然形
Q00545,助動詞,助動詞④,傍線部の語の活用形として正しいものを選べ。,蘆荻のみ高く生ひて、馬に乗りて弓持たる末見え<ぬ>まで高く生ひ茂りて、,連体形,已然形,連用形,命令形,連体形
Q00546,助動詞,助動詞⑤,傍線部の語の活用形として正しいものを選べ。,「京にとくあげたまひて、物語のおほくはべる<なる>、あるかぎり見せたまへ」と身を捨てて、,連体形,終止形,命令形,已然形,連体形
Q00547,助動詞,助動詞⑤,傍線部の語の活用形として正しいものを選べ。,いかなるひさごの、いかになびく<なら>むと、いみじうゆかしく思されければ、,連用形,已然形,未然形,連体形,未然形
Q00548,助動詞,助動詞⑤,傍線部の語の活用形として正しいものを選べ。,いかにおもひはじめけることにか、世の中に物語といふもののあん<なる>を、,連体形,已然形,命令形,連用形,連体形
Q00549,助動詞,助動詞⑤,傍線部の語の活用形として正しいものを選べ。,いとはしたなく悲しかるべきことにこそあべか<めれ>と思へど、,連体形,已然形,未然形,命令形,已然形
Q00550,助動詞,助動詞⑤,傍線部の語の活用形として正しいものを選べ。,いみじうもの騒がしけれども、いつしかと思ひしこと<なれ>ば、,命令形,已然形,未然形,連体形,已然形
Q00551,助動詞,助動詞⑤,傍線部の語の活用形として正しいものを選べ。,いみじく思し立ちて、仏の御徳かならず見たまふべき人にこそあ<めれ>。,連用形,終止形,已然形,未然形,已然形
Q00552,助動詞,助動詞⑤,傍線部の語の活用形として正しいものを選べ。,いみじく心にくく優なるにも、故宮のおはします世なら<ましか>ば、,連用形,連体形,未然形,命令形,未然形
Q00553,助動詞,助動詞⑤,傍線部の語の活用形として正しいものを選べ。,え率て参らぬかはりにとて、僧を出だし立てて、初瀬に詣でさす<めり>。,連用形,已然形,連体形,終止形,終止形
Q00554,助動詞,助動詞⑤,傍線部の語の活用形として正しいものを選べ。,おしはかりて参りたりけるに、騒がしかりければ、まかづ<めり>。,終止形,未然形,連用形,命令形,終止形
Q00555,助動詞,助動詞⑤,傍線部の語の活用形として正しいものを選べ。,かたつ方はひろ山<なる>所の、砂子はるばると白きに、松原茂りて、,連用形,未然形,已然形,連体形,連体形
Q00556,助動詞,助動詞⑤,傍線部の語の活用形として正しいものを選べ。,これよりは駿河<なり>。,已然形,終止形,未然形,連用形,終止形
Q00557,助動詞,助動詞⑤,傍線部の語の活用形として正しいものを選べ。,また聞けば、侍従の大納言の御むすめ亡くなりたまひぬ<なり>。,終止形,未然形,連用形,連体形,終止形
Q00558,助動詞,助動詞⑤,傍線部の語の活用形として正しいものを選べ。,やがてその折の空のけしきも、月も花も、心にそめらるるにこそあべか<めれ>。,終止形,連体形,已然形,未然形,已然形
Q00559,助動詞,助動詞⑤,傍線部の語の活用形として正しいものを選べ。,奥の方なる女ども、「などかくしありかるるぞ」問ふ<なれ>ば、,命令形,已然形,連用形,未然形,已然形
Q00560,助動詞,助動詞⑤,傍線部の語の活用形として正しいものを選べ。,歌うたふにも、足柄<なり>し思ひ出でられて、あはれに恋しきことかぎりなし。,連用形,已然形,未然形,終止形,連用形
Q00561,助動詞,助動詞⑤,傍線部の語の活用形として正しいものを選べ。,宮など失せたまひにければ、寺になしたるを、竹芝寺といふ<なり>。,終止形,已然形,連用形,未然形,終止形
Q00562,助動詞,助動詞⑤,傍線部の語の活用形として正しいものを選べ。,空のけしきはかばかしくも見えず、えもいはず茂りわたりて、いとおそろしげ<なり>。,連用形,終止形,未然形,連体形,終止形
Q00563,助動詞,助動詞⑤,傍線部の語の活用形として正しいものを選べ。,継母<なり>し人は、宮仕へせしが下りしなれば、思ひしにあらぬことどもなどありて、,連体形,連用形,終止形,未然形,連用形
Q00564,助動詞,助動詞⑤,傍線部の語の活用形として正しいものを選べ。,故宮のおはします世ならましかば、かやうに上らせたまは<まし>など、,終止形,未然形,已然形,連体形,連体形
Q00565,助動詞,助動詞⑤,傍線部の語の活用形として正しいものを選べ。,荒るる海に風より先に船出して石津の波と消えな<ましか>ば,終止形,連用形,命令形,未然形,未然形
Q00566,助動詞,助動詞⑤,傍線部の語の活用形として正しいものを選べ。,時ならず降る雪かとぞ眺め<まし>花橘の薫らざりせば,終止形,已然形,連体形,未然形,連体形
Q00567,助動詞,助動詞⑤,傍線部の語の活用形として正しいものを選べ。,水の世のつね<なら>ず、すりこなどを濃くて流したらむやうに、,未然形,連用形,已然形,終止形,未然形
Q00568,助動詞,助動詞⑤,傍線部の語の活用形として正しいものを選べ。,世の中に「長恨歌」といふ書を物語に書きてある所あん<なり>と聞くに、,終止形,連体形,連用形,未然形,終止形
Q00569,助動詞,助動詞⑤,傍線部の語の活用形として正しいものを選べ。,先駆ふ車止まりて、「荻の葉、荻の葉」と呼ばすれど、答へざ<なり>。,未然形,終止形,連用形,已然形,終止形
Q00570,助動詞,助動詞⑤,傍線部の語の活用形として正しいものを選べ。,殿の中将のおぼし嘆くなるさま、わがものの悲しき折<なれ>ば、,連体形,連用形,已然形,未然形,已然形
Q00571,助動詞,助動詞⑤,傍線部の語の活用形として正しいものを選べ。,日も暮れ方になりぬ<めり>。,未然形,終止形,連体形,連用形,終止形
Q00572,助動詞,助動詞⑤,傍線部の語の活用形として正しいものを選べ。,乳母<なる>人は男などもなくなして、境にて子産みたりしかば、,已然形,連体形,命令形,未然形,連体形
Q00573,助動詞,助動詞⑤,傍線部の語の活用形として正しいものを選べ。,物語りしつつ月をながむるに、梅壺の女御の上らせたまふ<なる>音なひ、,終止形,命令形,連体形,已然形,連体形
Q00574,助動詞,助動詞⑤,傍線部の語の活用形として正しいものを選べ。,問ふ<なれ>ば、遊女の来たるなりけり。,連用形,連体形,已然形,命令形,已然形
Q00575,助動詞,助動詞⑤,傍線部の語の活用形として正しいものを選べ。,霰降り乱れて、日の光もさやか<なら>ず、いみじうものむつかし。,未然形,連用形,已然形,命令形,未然形